INSERT INTO O_LINEUP (LINEUP_ID, LINEUP_OPTION)
VALUES (1, N'아트');

INSERT INTO O_LINEUP (LINEUP_ID, LINEUP_OPTION)
VALUES (2, N'풀컬러');

INSERT INTO O_LINEUP (LINEUP_ID, LINEUP_OPTION)
VALUES (3, N'파츠');

INSERT INTO O_COLOR (COLOR_ID, COLOR_OPTION)
VALUES (1, N'코랄핑크');

INSERT INTO O_COLOR (COLOR_ID, COLOR_OPTION)
VALUES (2, N'블루네이비');

INSERT INTO O_COLOR (COLOR_ID, COLOR_OPTION)
VALUES (3, N'누드베이지');

INSERT INTO O_COLOR (COLOR_ID, COLOR_OPTION)
VALUES (4, N'레드버건디');

INSERT INTO O_COLOR (COLOR_ID, COLOR_OPTION)
VALUES (5, N'화이트');

INSERT INTO O_COLOR (COLOR_ID, COLOR_OPTION)
VALUES (6, N'골드');

INSERT INTO O_COLOR (COLOR_ID, COLOR_OPTION)
VALUES (7, N'그린');

INSERT INTO O_COLOR (COLOR_ID, COLOR_OPTION)
VALUES (8, N'옐로우');

INSERT INTO O_COLOR (COLOR_ID, COLOR_OPTION)
VALUES (9, N'퍼플');

INSERT INTO O_COLOR (COLOR_ID, COLOR_OPTION)
VALUES (10, N'블랙');

INSERT INTO O_COLOR (COLOR_ID, COLOR_OPTION)
VALUES (11, N'브라운');

INSERT INTO O_COLOR (COLOR_ID, COLOR_OPTION)
VALUES (12, N'실버그레이');

INSERT INTO O_COLOR (COLOR_ID, COLOR_OPTION)
VALUES (13, N'네온');

INSERT INTO O_COLOR (COLOR_ID, COLOR_OPTION)
VALUES (14, N'오렌지');

INSERT INTO O_DESIGN (DESIGN_ID, DESIGN_OPTION) 
VALUES (1, N'데일리');

INSERT INTO O_DESIGN (DESIGN_ID, DESIGN_OPTION) 
VALUES (2, N'웨딩');

INSERT INTO O_DESIGN (DESIGN_ID, DESIGN_OPTION) 
VALUES (3, N'시럽');

INSERT INTO O_DESIGN (DESIGN_ID, DESIGN_OPTION) 
VALUES (4, N'무채색');

INSERT INTO O_DESIGN (DESIGN_ID, DESIGN_OPTION) 
VALUES (5, N'키치');

INSERT INTO O_DESIGN (DESIGN_ID, DESIGN_OPTION) 
VALUES (6, N'드로잉');

INSERT INTO O_DESIGN (DESIGN_ID, DESIGN_OPTION) 
VALUES (7, N'마블');

INSERT INTO O_DESIGN (DESIGN_ID, DESIGN_OPTION) 
VALUES (8, N'자개');

INSERT INTO O_DESIGN (DESIGN_ID, DESIGN_OPTION) 
VALUES (9, N'글리터');

INSERT INTO O_DESIGN (DESIGN_ID, DESIGN_OPTION) 
VALUES (10, N'자석');

INSERT INTO O_DESIGN (DESIGN_ID, DESIGN_OPTION) 
VALUES (11, N'네일샵디자인');

INSERT INTO O_MEMBERSHIP (MEM_ID, MEM_NAME, MEM_BENEFIT, MEM_GRADE_TIER) 
VALUES (1, 'friend', 0.01, 0);

INSERT INTO O_MEMBERSHIP (MEM_ID, MEM_NAME, MEM_BENEFIT, MEM_GRADE_TIER) 
VALUES (2, 'family', 0.02, 150000);

INSERT INTO O_MEMBERSHIP (MEM_ID, MEM_NAME, MEM_BENEFIT, MEM_GRADE_TIER) 
VALUES (3, 'crew', 0.03, 400000);

INSERT INTO O_CATEGORY (CAT_ID, CAT_NAME) 
VALUES (1, N'네일');

INSERT INTO O_CATEGORY (CAT_ID, CAT_NAME) 
VALUES (2, N'페디');

SET DEFINE OFF;
INSERT INTO O_CATEGORY (CAT_ID, CAT_NAME) 
VALUES (3, N'케어&툴');

INSERT INTO O_SUBCATEGORY (SCAT_ID, SCAT_NAME) 
VALUES (1, N'젤스트립');

INSERT INTO O_SUBCATEGORY (SCAT_ID, SCAT_NAME) 
VALUES (2, N'젤네일팁');

select * FROM O_SUBCATEGORY;

INSERT INTO O_PRODUCT (PDT_ID, CAT_ID, SCAT_ID, PDT_NUMBER, PDT_NAME, PDT_AMOUNT, PDT_DISCOUNT_RATE, PDT_IMG_URL, PDT_COUNT, PDT_REVIEW_COUNT, PDT_SALES_COUNT, PDT_ADDDATE, PDT_VIEWCOUNT) 
VALUES (1, 1, 1, NULL, N'N 젤리 피치 네일', 16800, 20, NULL, 1, 0, 100, to_date('01/01/2018', 'MM/DD/RRRR'), 1);

INSERT INTO O_PRODUCT (PDT_ID, CAT_ID, SCAT_ID, PDT_NUMBER, PDT_NAME, PDT_AMOUNT, PDT_DISCOUNT_RATE, PDT_IMG_URL, PDT_COUNT, PDT_REVIEW_COUNT, PDT_SALES_COUNT, PDT_ADDDATE, PDT_VIEWCOUNT) 
VALUES (2, 1, 1, NULL, N'N 마롱 네일', 14800, 20, NULL, 2, 0, 101, to_date('01/02/2018', 'MM/DD/RRRR'), 2);

INSERT INTO O_PRODUCT (PDT_ID, CAT_ID, SCAT_ID, PDT_NUMBER, PDT_NAME, PDT_AMOUNT, PDT_DISCOUNT_RATE, PDT_IMG_URL, PDT_COUNT, PDT_REVIEW_COUNT, PDT_SALES_COUNT, PDT_ADDDATE, PDT_VIEWCOUNT) 
VALUES (3, 1, 1, NULL, N'N 썸데이 네일', 14800, 20, NULL, 3, 0, 102, to_date('01/03/2018', 'MM/DD/RRRR'), 3);

INSERT INTO O_PRODUCT (PDT_ID, CAT_ID, SCAT_ID, PDT_NUMBER, PDT_NAME, PDT_AMOUNT, PDT_DISCOUNT_RATE, PDT_IMG_URL, PDT_COUNT, PDT_REVIEW_COUNT, PDT_SALES_COUNT, PDT_ADDDATE, PDT_VIEWCOUNT) 
VALUES (4, 1, 1, NULL, N'N 데이라이트 네일', 14800, 20, NULL, 4, 0, 103, to_date('01/04/2018', 'MM/DD/RRRR'), 4);

INSERT INTO O_PRODUCT (PDT_ID, CAT_ID, SCAT_ID, PDT_NUMBER, PDT_NAME, PDT_AMOUNT, PDT_DISCOUNT_RATE, PDT_IMG_URL, PDT_COUNT, PDT_REVIEW_COUNT, PDT_SALES_COUNT, PDT_ADDDATE, PDT_VIEWCOUNT) 
VALUES (5, 1, 1, NULL, N'N 베어 업 네일', 16800, NULL, NULL, 5, 0, 104, to_date('01/05/2018', 'MM/DD/RRRR'), 5);

INSERT INTO O_PRODUCT (PDT_ID, CAT_ID, SCAT_ID, PDT_NUMBER, PDT_NAME, PDT_AMOUNT, PDT_DISCOUNT_RATE, PDT_IMG_URL, PDT_COUNT, PDT_REVIEW_COUNT, PDT_SALES_COUNT, PDT_ADDDATE, PDT_VIEWCOUNT) 
VALUES (6, 1, 1, NULL, N'N 코지무드 네일', 14800, 40, NULL, 6, 0, 105, to_date('01/06/2018', 'MM/DD/RRRR'), 6);

INSERT INTO O_PRODUCT (PDT_ID, CAT_ID, SCAT_ID, PDT_NUMBER, PDT_NAME, PDT_AMOUNT, PDT_DISCOUNT_RATE, PDT_IMG_URL, PDT_COUNT, PDT_REVIEW_COUNT, PDT_SALES_COUNT, PDT_ADDDATE, PDT_VIEWCOUNT) 
VALUES (7, 1, 1, NULL, N'N 애프리콧 네일', 14800, NULL, NULL, 7, 0, 106, to_date('01/07/2018', 'MM/DD/RRRR'), 7);

INSERT INTO O_PRODUCT (PDT_ID, CAT_ID, SCAT_ID, PDT_NUMBER, PDT_NAME, PDT_AMOUNT, PDT_DISCOUNT_RATE, PDT_IMG_URL, PDT_COUNT, PDT_REVIEW_COUNT, PDT_SALES_COUNT, PDT_ADDDATE, PDT_VIEWCOUNT) 
VALUES (8, 1, 1, NULL, N'N 나이브 네일', 14800, 40, NULL, 8, 0, 107, to_date('01/08/2018', 'MM/DD/RRRR'), 8);

INSERT INTO O_PRODUCT (PDT_ID, CAT_ID, SCAT_ID, PDT_NUMBER, PDT_NAME, PDT_AMOUNT, PDT_DISCOUNT_RATE, PDT_IMG_URL, PDT_COUNT, PDT_REVIEW_COUNT, PDT_SALES_COUNT, PDT_ADDDATE, PDT_VIEWCOUNT) 
VALUES (9, 1, 1, NULL, N'N 어딕트 네일', 12800, NULL, NULL, 9, 0, 108, to_date('01/09/2018', 'MM/DD/RRRR'), 9);

INSERT INTO O_PRODUCT (PDT_ID, CAT_ID, SCAT_ID, PDT_NUMBER, PDT_NAME, PDT_AMOUNT, PDT_DISCOUNT_RATE, PDT_IMG_URL, PDT_COUNT, PDT_REVIEW_COUNT, PDT_SALES_COUNT, PDT_ADDDATE, PDT_VIEWCOUNT) 
VALUES (10, 1, 1, NULL, N'N 밀크 로즈 네일', 14800, NULL, NULL, 10, 0, 109, to_date('01/10/2018', 'MM/DD/RRRR'), 10);

INSERT INTO O_PRODUCT (PDT_ID, CAT_ID, SCAT_ID, PDT_NUMBER, PDT_NAME, PDT_AMOUNT, PDT_DISCOUNT_RATE, PDT_IMG_URL, PDT_COUNT, PDT_REVIEW_COUNT, PDT_SALES_COUNT, PDT_ADDDATE, PDT_VIEWCOUNT) 
VALUES (11, 1, 1, NULL, N'N 하입 핑크 네일', 14800, NULL, NULL, 0, 0, 110, to_date('01/11/2018', 'MM/DD/RRRR'), 11);

INSERT INTO O_PRODUCT (PDT_ID, CAT_ID, SCAT_ID, PDT_NUMBER, PDT_NAME, PDT_AMOUNT, PDT_DISCOUNT_RATE, PDT_IMG_URL, PDT_COUNT, PDT_REVIEW_COUNT, PDT_SALES_COUNT, PDT_ADDDATE, PDT_VIEWCOUNT) 
VALUES (12, 1, 1, NULL, N'N 듀입 플라워 네일', 16800, NULL, NULL, 0, 0, 111, to_date('01/12/2018', 'MM/DD/RRRR'), 12);

INSERT INTO O_PRODUCT (PDT_ID, CAT_ID, SCAT_ID, PDT_NUMBER, PDT_NAME, PDT_AMOUNT, PDT_DISCOUNT_RATE, PDT_IMG_URL, PDT_COUNT, PDT_REVIEW_COUNT, PDT_SALES_COUNT, PDT_ADDDATE, PDT_VIEWCOUNT) 
VALUES (13, 1, 1, NULL, N'N 틴트 하이틴 네일', 12800, NULL, NULL, 0, 0, 112, to_date('01/13/2018', 'MM/DD/RRRR'), 13);

INSERT INTO O_PRODUCT (PDT_ID, CAT_ID, SCAT_ID, PDT_NUMBER, PDT_NAME, PDT_AMOUNT, PDT_DISCOUNT_RATE, PDT_IMG_URL, PDT_COUNT, PDT_REVIEW_COUNT, PDT_SALES_COUNT, PDT_ADDDATE, PDT_VIEWCOUNT) 
VALUES (14, 1, 1, NULL, N'N 펠리체 네일', 14800, NULL, NULL, 0, 0, 113, to_date('01/14/2018', 'MM/DD/RRRR'), 14);

INSERT INTO O_PRODUCT (PDT_ID, CAT_ID, SCAT_ID, PDT_NUMBER, PDT_NAME, PDT_AMOUNT, PDT_DISCOUNT_RATE, PDT_IMG_URL, PDT_COUNT, PDT_REVIEW_COUNT, PDT_SALES_COUNT, PDT_ADDDATE, PDT_VIEWCOUNT) 
VALUES (15, 1, 1, NULL, N'N 크림 핑크 네일', 12800, NULL, NULL, 0, 0, 114, to_date('01/15/2018', 'MM/DD/RRRR'), 15);

INSERT INTO O_PRODUCT (PDT_ID, CAT_ID, SCAT_ID, PDT_NUMBER, PDT_NAME, PDT_AMOUNT, PDT_DISCOUNT_RATE, PDT_IMG_URL, PDT_COUNT, PDT_REVIEW_COUNT, PDT_SALES_COUNT, PDT_ADDDATE, PDT_VIEWCOUNT) 
VALUES (16, 1, 1, NULL, N'N 크림 글로우 네일', 12800, NULL, NULL, 0, 0, 115, to_date('01/16/2018', 'MM/DD/RRRR'), 16);

INSERT INTO O_PRODUCT (PDT_ID, CAT_ID, SCAT_ID, PDT_NUMBER, PDT_NAME, PDT_AMOUNT, PDT_DISCOUNT_RATE, PDT_IMG_URL, PDT_COUNT, PDT_REVIEW_COUNT, PDT_SALES_COUNT, PDT_ADDDATE, PDT_VIEWCOUNT) 
VALUES (17, 1, 1, NULL, N'N 크림 프리지아 네일', 12800, NULL, NULL, 0, 0, 116, to_date('01/17/2018', 'MM/DD/RRRR'), 17);

INSERT INTO O_PRODUCT (PDT_ID, CAT_ID, SCAT_ID, PDT_NUMBER, PDT_NAME, PDT_AMOUNT, PDT_DISCOUNT_RATE, PDT_IMG_URL, PDT_COUNT, PDT_REVIEW_COUNT, PDT_SALES_COUNT, PDT_ADDDATE, PDT_VIEWCOUNT) 
VALUES (18, 1, 1, NULL, N'N 크림 페이퍼 네일', 12800, NULL, NULL, 0, 0, 117, to_date('01/18/2018', 'MM/DD/RRRR'), 18);

INSERT INTO O_PRODUCT (PDT_ID, CAT_ID, SCAT_ID, PDT_NUMBER, PDT_NAME, PDT_AMOUNT, PDT_DISCOUNT_RATE, PDT_IMG_URL, PDT_COUNT, PDT_REVIEW_COUNT, PDT_SALES_COUNT, PDT_ADDDATE, PDT_VIEWCOUNT) 
VALUES (19, 1, 1, NULL, N'N 트위드 자켓 네일', 14800, NULL, NULL, 0, 0, 118, to_date('01/19/2018', 'MM/DD/RRRR'), 19);

INSERT INTO O_PRODUCT (PDT_ID, CAT_ID, SCAT_ID, PDT_NUMBER, PDT_NAME, PDT_AMOUNT, PDT_DISCOUNT_RATE, PDT_IMG_URL, PDT_COUNT, PDT_REVIEW_COUNT, PDT_SALES_COUNT, PDT_ADDDATE, PDT_VIEWCOUNT) 
VALUES (20, 1, 1, NULL, N'N 크림 인디고 네일', 12800, NULL, NULL, 0, 0, 119, to_date('01/20/2018', 'MM/DD/RRRR'), 20);

INSERT INTO O_PRODUCT (PDT_ID, CAT_ID, SCAT_ID, PDT_NUMBER, PDT_NAME, PDT_AMOUNT, PDT_DISCOUNT_RATE, PDT_IMG_URL, PDT_COUNT, PDT_REVIEW_COUNT, PDT_SALES_COUNT, PDT_ADDDATE, PDT_VIEWCOUNT) 
VALUES (21, 1, 1, NULL, N'N 크림 로즈 네일', 12800, NULL, NULL, 0, 0, 120, to_date('01/21/2018', 'MM/DD/RRRR'), 21);

INSERT INTO O_PRODUCT (PDT_ID, CAT_ID, SCAT_ID, PDT_NUMBER, PDT_NAME, PDT_AMOUNT, PDT_DISCOUNT_RATE, PDT_IMG_URL, PDT_COUNT, PDT_REVIEW_COUNT, PDT_SALES_COUNT, PDT_ADDDATE, PDT_VIEWCOUNT) 
VALUES (22, 1, 1, NULL, N'N 카멜 네일', 14800, NULL, NULL, 10, 0, 121, to_date('01/22/2018', 'MM/DD/RRRR'), 22);

INSERT INTO O_PRODUCT (PDT_ID, CAT_ID, SCAT_ID, PDT_NUMBER, PDT_NAME, PDT_AMOUNT, PDT_DISCOUNT_RATE, PDT_IMG_URL, PDT_COUNT, PDT_REVIEW_COUNT, PDT_SALES_COUNT, PDT_ADDDATE, PDT_VIEWCOUNT) 
VALUES (23, 1, 1, NULL, N'N 클린화이트 네일', 12800, NULL, NULL, 11, 0, 122, to_date('01/23/2018', 'MM/DD/RRRR'), 23);

INSERT INTO O_PRODUCT (PDT_ID, CAT_ID, SCAT_ID, PDT_NUMBER, PDT_NAME, PDT_AMOUNT, PDT_DISCOUNT_RATE, PDT_IMG_URL, PDT_COUNT, PDT_REVIEW_COUNT, PDT_SALES_COUNT, PDT_ADDDATE, PDT_VIEWCOUNT) 
VALUES (24, 1, 1, NULL, N'N 글로시에스트 네일', 14800, NULL, NULL, 12, 0, 123, to_date('01/24/2018', 'MM/DD/RRRR'), 24);

INSERT INTO O_PRODUCT (PDT_ID, CAT_ID, SCAT_ID, PDT_NUMBER, PDT_NAME, PDT_AMOUNT, PDT_DISCOUNT_RATE, PDT_IMG_URL, PDT_COUNT, PDT_REVIEW_COUNT, PDT_SALES_COUNT, PDT_ADDDATE, PDT_VIEWCOUNT) 
VALUES (25, 1, 1, NULL, N'N 젤리팝 네일', 16800, NULL, NULL, 13, 0, 124, to_date('01/25/2018', 'MM/DD/RRRR'), 25);

INSERT INTO O_PRODUCT (PDT_ID, CAT_ID, SCAT_ID, PDT_NUMBER, PDT_NAME, PDT_AMOUNT, PDT_DISCOUNT_RATE, PDT_IMG_URL, PDT_COUNT, PDT_REVIEW_COUNT, PDT_SALES_COUNT, PDT_ADDDATE, PDT_VIEWCOUNT) 
VALUES (26, 1, 1, NULL, N'N 틴트 팝 네일', 12800, 62, NULL, 14, 0, 125, to_date('01/26/2018', 'MM/DD/RRRR'), 26);

INSERT INTO O_PRODUCT (PDT_ID, CAT_ID, SCAT_ID, PDT_NUMBER, PDT_NAME, PDT_AMOUNT, PDT_DISCOUNT_RATE, PDT_IMG_URL, PDT_COUNT, PDT_REVIEW_COUNT, PDT_SALES_COUNT, PDT_ADDDATE, PDT_VIEWCOUNT) 
VALUES (27, 1, 1, NULL, N'N 틴트 에어 네일', 12800, 54, NULL, 15, 0, 126, to_date('01/27/2018', 'MM/DD/RRRR'), 27);

INSERT INTO O_PRODUCT (PDT_ID, CAT_ID, SCAT_ID, PDT_NUMBER, PDT_NAME, PDT_AMOUNT, PDT_DISCOUNT_RATE, PDT_IMG_URL, PDT_COUNT, PDT_REVIEW_COUNT, PDT_SALES_COUNT, PDT_ADDDATE, PDT_VIEWCOUNT) 
VALUES (28, 1, 1, NULL, N'N 틴트 쿠퍼 네일', 12800, 54, NULL, 16, 0, 127, to_date('01/28/2018', 'MM/DD/RRRR'), 28);

INSERT INTO O_PRODUCT (PDT_ID, CAT_ID, SCAT_ID, PDT_NUMBER, PDT_NAME, PDT_AMOUNT, PDT_DISCOUNT_RATE, PDT_IMG_URL, PDT_COUNT, PDT_REVIEW_COUNT, PDT_SALES_COUNT, PDT_ADDDATE, PDT_VIEWCOUNT) 
VALUES (29, 1, 1, NULL, N'N 틴트 트리 네일', 12800, 62, NULL, 17, 0, 128, to_date('01/29/2018', 'MM/DD/RRRR'), 29);

INSERT INTO O_PRODUCT (PDT_ID, CAT_ID, SCAT_ID, PDT_NUMBER, PDT_NAME, PDT_AMOUNT, PDT_DISCOUNT_RATE, PDT_IMG_URL, PDT_COUNT, PDT_REVIEW_COUNT, PDT_SALES_COUNT, PDT_ADDDATE, PDT_VIEWCOUNT) 
VALUES (30, 1, 1, NULL, N'N 도깨비 달 네일', 14800, NULL, NULL, 18, 0, 129, to_date('01/30/2018', 'MM/DD/RRRR'), 30);

INSERT INTO O_PRODUCT (PDT_ID, CAT_ID, SCAT_ID, PDT_NUMBER, PDT_NAME, PDT_AMOUNT, PDT_DISCOUNT_RATE, PDT_IMG_URL, PDT_COUNT, PDT_REVIEW_COUNT, PDT_SALES_COUNT, PDT_ADDDATE, PDT_VIEWCOUNT) 
VALUES (31, 1, 1, NULL, N'N 펄 드 코코 네일', 17800, NULL, NULL, 19, 0, 130, to_date('01/31/2018', 'MM/DD/RRRR'), 31);

INSERT INTO O_PRODUCT (PDT_ID, CAT_ID, SCAT_ID, PDT_NUMBER, PDT_NAME, PDT_AMOUNT, PDT_DISCOUNT_RATE, PDT_IMG_URL, PDT_COUNT, PDT_REVIEW_COUNT, PDT_SALES_COUNT, PDT_ADDDATE, PDT_VIEWCOUNT) 
VALUES (32, 1, 1, NULL, N'N 비밀 정원 네일', 14800, NULL, NULL, 20, 0, 131, to_date('02/01/2018', 'MM/DD/RRRR'), 32);

INSERT INTO O_PRODUCT (PDT_ID, CAT_ID, SCAT_ID, PDT_NUMBER, PDT_NAME, PDT_AMOUNT, PDT_DISCOUNT_RATE, PDT_IMG_URL, PDT_COUNT, PDT_REVIEW_COUNT, PDT_SALES_COUNT, PDT_ADDDATE, PDT_VIEWCOUNT) 
VALUES (33, 1, 1, NULL, N'N 그라디언트 네일', 14800, NULL, NULL, 21, 0, 132, to_date('02/02/2018', 'MM/DD/RRRR'), 33);

INSERT INTO O_PRODUCT (PDT_ID, CAT_ID, SCAT_ID, PDT_NUMBER, PDT_NAME, PDT_AMOUNT, PDT_DISCOUNT_RATE, PDT_IMG_URL, PDT_COUNT, PDT_REVIEW_COUNT, PDT_SALES_COUNT, PDT_ADDDATE, PDT_VIEWCOUNT) 
VALUES (34, 1, 1, NULL, N'N 곰돌이 캬라멜 네일', 16800, NULL, NULL, 0, 0, 133, to_date('02/03/2018', 'MM/DD/RRRR'), 34);

INSERT INTO O_PRODUCT (PDT_ID, CAT_ID, SCAT_ID, PDT_NUMBER, PDT_NAME, PDT_AMOUNT, PDT_DISCOUNT_RATE, PDT_IMG_URL, PDT_COUNT, PDT_REVIEW_COUNT, PDT_SALES_COUNT, PDT_ADDDATE, PDT_VIEWCOUNT) 
VALUES (35, 1, 1, NULL, N'N 코코 트위드 네일', 17800, NULL, NULL, 0, 0, 134, to_date('02/04/2018', 'MM/DD/RRRR'), 35);

INSERT INTO O_PRODUCT (PDT_ID, CAT_ID, SCAT_ID, PDT_NUMBER, PDT_NAME, PDT_AMOUNT, PDT_DISCOUNT_RATE, PDT_IMG_URL, PDT_COUNT, PDT_REVIEW_COUNT, PDT_SALES_COUNT, PDT_ADDDATE, PDT_VIEWCOUNT) 
VALUES (36, 1, 1, NULL, N'N 베이직네일 11호', 12800, NULL, NULL, 30, 0, 135, to_date('02/05/2018', 'MM/DD/RRRR'), 36);

INSERT INTO O_PRODUCT (PDT_ID, CAT_ID, SCAT_ID, PDT_NUMBER, PDT_NAME, PDT_AMOUNT, PDT_DISCOUNT_RATE, PDT_IMG_URL, PDT_COUNT, PDT_REVIEW_COUNT, PDT_SALES_COUNT, PDT_ADDDATE, PDT_VIEWCOUNT) 
VALUES (37, 1, 1, NULL, N'N 틴트 오렌지 네일', 12800, 62, NULL, 31, 0, 136, to_date('02/06/2018', 'MM/DD/RRRR'), 37);

INSERT INTO O_PRODUCT (PDT_ID, CAT_ID, SCAT_ID, PDT_NUMBER, PDT_NAME, PDT_AMOUNT, PDT_DISCOUNT_RATE, PDT_IMG_URL, PDT_COUNT, PDT_REVIEW_COUNT, PDT_SALES_COUNT, PDT_ADDDATE, PDT_VIEWCOUNT) 
VALUES (38, 1, 1, NULL, N'N 누디 로지 네일', 14800, NULL, NULL, 32, 0, 0, to_date('02/07/2018', 'MM/DD/RRRR'), 38);

INSERT INTO O_PRODUCT (PDT_ID, CAT_ID, SCAT_ID, PDT_NUMBER, PDT_NAME, PDT_AMOUNT, PDT_DISCOUNT_RATE, PDT_IMG_URL, PDT_COUNT, PDT_REVIEW_COUNT, PDT_SALES_COUNT, PDT_ADDDATE, PDT_VIEWCOUNT) 
VALUES (39, 1, 1, NULL, N'N 베일 네일', 14800, NULL, NULL, 33, 0, 0, to_date('02/08/2018', 'MM/DD/RRRR'), 39);

INSERT INTO O_PRODUCT (PDT_ID, CAT_ID, SCAT_ID, PDT_NUMBER, PDT_NAME, PDT_AMOUNT, PDT_DISCOUNT_RATE, PDT_IMG_URL, PDT_COUNT, PDT_REVIEW_COUNT, PDT_SALES_COUNT, PDT_ADDDATE, PDT_VIEWCOUNT) 
VALUES (40, 1, 1, NULL, N'N 틴트 풀 네일', 12800, 62, NULL, 34, 0, 0, to_date('02/09/2018', 'MM/DD/RRRR'), 40);

INSERT INTO O_PRODUCT (PDT_ID, CAT_ID, SCAT_ID, PDT_NUMBER, PDT_NAME, PDT_AMOUNT, PDT_DISCOUNT_RATE, PDT_IMG_URL, PDT_COUNT, PDT_REVIEW_COUNT, PDT_SALES_COUNT, PDT_ADDDATE, PDT_VIEWCOUNT) 
VALUES (41, 1, 1, NULL, N'N 럭키 판다 네일', 16800, 20, NULL, 35, 0, 0, to_date('02/10/2018', 'MM/DD/RRRR'), 41);

INSERT INTO O_PRODUCT (PDT_ID, CAT_ID, SCAT_ID, PDT_NUMBER, PDT_NAME, PDT_AMOUNT, PDT_DISCOUNT_RATE, PDT_IMG_URL, PDT_COUNT, PDT_REVIEW_COUNT, PDT_SALES_COUNT, PDT_ADDDATE, PDT_VIEWCOUNT) 
VALUES (42, 1, 1, NULL, N'N 리즈 네일', 14800, NULL, NULL, 36, 0, 0, to_date('02/11/2018', 'MM/DD/RRRR'), 42);

INSERT INTO O_PRODUCT (PDT_ID, CAT_ID, SCAT_ID, PDT_NUMBER, PDT_NAME, PDT_AMOUNT, PDT_DISCOUNT_RATE, PDT_IMG_URL, PDT_COUNT, PDT_REVIEW_COUNT, PDT_SALES_COUNT, PDT_ADDDATE, PDT_VIEWCOUNT) 
VALUES (43, 1, 1, NULL, N'N 티타임 네임', 14800, 30, NULL, 37, 0, 0, to_date('02/12/2018', 'MM/DD/RRRR'), 43);

INSERT INTO O_PRODUCT (PDT_ID, CAT_ID, SCAT_ID, PDT_NUMBER, PDT_NAME, PDT_AMOUNT, PDT_DISCOUNT_RATE, PDT_IMG_URL, PDT_COUNT, PDT_REVIEW_COUNT, PDT_SALES_COUNT, PDT_ADDDATE, PDT_VIEWCOUNT) 
VALUES (44, 1, 1, NULL, N'N 플라워 파워 네일', 14800, NULL, NULL, 38, 0, 0, to_date('02/13/2018', 'MM/DD/RRRR'), 44);

INSERT INTO O_PRODUCT (PDT_ID, CAT_ID, SCAT_ID, PDT_NUMBER, PDT_NAME, PDT_AMOUNT, PDT_DISCOUNT_RATE, PDT_IMG_URL, PDT_COUNT, PDT_REVIEW_COUNT, PDT_SALES_COUNT, PDT_ADDDATE, PDT_VIEWCOUNT) 
VALUES (45, 1, 1, NULL, N'N 쿠키 네일', 14800, NULL, NULL, 39, 0, 0, to_date('02/14/2018', 'MM/DD/RRRR'), 45);

INSERT INTO O_PRODUCT (PDT_ID, CAT_ID, SCAT_ID, PDT_NUMBER, PDT_NAME, PDT_AMOUNT, PDT_DISCOUNT_RATE, PDT_IMG_URL, PDT_COUNT, PDT_REVIEW_COUNT, PDT_SALES_COUNT, PDT_ADDDATE, PDT_VIEWCOUNT) 
VALUES (46, 1, 1, NULL, N'N 솔라 네일', 15800, NULL, NULL, 40, 0, 0, to_date('02/15/2018', 'MM/DD/RRRR'), 46);

INSERT INTO O_PRODUCT (PDT_ID, CAT_ID, SCAT_ID, PDT_NUMBER, PDT_NAME, PDT_AMOUNT, PDT_DISCOUNT_RATE, PDT_IMG_URL, PDT_COUNT, PDT_REVIEW_COUNT, PDT_SALES_COUNT, PDT_ADDDATE, PDT_VIEWCOUNT) 
VALUES (47, 1, 1, NULL, N'N 스윗 홍매 네일', 15800, NULL, NULL, 41, 0, 0, to_date('02/16/2018', 'MM/DD/RRRR'), 47);

INSERT INTO O_PRODUCT (PDT_ID, CAT_ID, SCAT_ID, PDT_NUMBER, PDT_NAME, PDT_AMOUNT, PDT_DISCOUNT_RATE, PDT_IMG_URL, PDT_COUNT, PDT_REVIEW_COUNT, PDT_SALES_COUNT, PDT_ADDDATE, PDT_VIEWCOUNT) 
VALUES (48, 1, 1, NULL, N'N 튤립 봉봉 네일', 14800, NULL, NULL, 42, 0, 0, to_date('02/17/2018', 'MM/DD/RRRR'), 48);

INSERT INTO O_PRODUCT (PDT_ID, CAT_ID, SCAT_ID, PDT_NUMBER, PDT_NAME, PDT_AMOUNT, PDT_DISCOUNT_RATE, PDT_IMG_URL, PDT_COUNT, PDT_REVIEW_COUNT, PDT_SALES_COUNT, PDT_ADDDATE, PDT_VIEWCOUNT) 
VALUES (49, 1, 1, NULL, N'N 메리메리 네일', 14800, NULL, NULL, 43, 0, 0, to_date('02/18/2018', 'MM/DD/RRRR'), 49);

INSERT INTO O_PRODUCT (PDT_ID, CAT_ID, SCAT_ID, PDT_NUMBER, PDT_NAME, PDT_AMOUNT, PDT_DISCOUNT_RATE, PDT_IMG_URL, PDT_COUNT, PDT_REVIEW_COUNT, PDT_SALES_COUNT, PDT_ADDDATE, PDT_VIEWCOUNT) 
VALUES (50, 1, 1, NULL, N'N 위빙 네일', 14800, NULL, NULL, 44, 0, 0, to_date('02/19/2018', 'MM/DD/RRRR'), 50);

INSERT INTO O_PRODUCT (PDT_ID, CAT_ID, SCAT_ID, PDT_NUMBER, PDT_NAME, PDT_AMOUNT, PDT_DISCOUNT_RATE, PDT_IMG_URL, PDT_COUNT, PDT_REVIEW_COUNT, PDT_SALES_COUNT, PDT_ADDDATE, PDT_VIEWCOUNT) 
VALUES (51, 1, 1, NULL, N'N 하울링 네일', 14800, NULL, NULL, 45, 0, 0, to_date('02/20/2018', 'MM/DD/RRRR'), 51);

INSERT INTO O_PRODUCT (PDT_ID, CAT_ID, SCAT_ID, PDT_NUMBER, PDT_NAME, PDT_AMOUNT, PDT_DISCOUNT_RATE, PDT_IMG_URL, PDT_COUNT, PDT_REVIEW_COUNT, PDT_SALES_COUNT, PDT_ADDDATE, PDT_VIEWCOUNT) 
VALUES (52, 1, 1, NULL, N'N 산수화 네일', 14800, 40, NULL, 46, 0, 0, to_date('02/21/2018', 'MM/DD/RRRR'), 52);

INSERT INTO O_PRODUCT (PDT_ID, CAT_ID, SCAT_ID, PDT_NUMBER, PDT_NAME, PDT_AMOUNT, PDT_DISCOUNT_RATE, PDT_IMG_URL, PDT_COUNT, PDT_REVIEW_COUNT, PDT_SALES_COUNT, PDT_ADDDATE, PDT_VIEWCOUNT) 
VALUES (53, 1, 1, NULL, N'N 레이지선데이 네일', 14800, NULL, NULL, 47, 0, 0, to_date('02/22/2018', 'MM/DD/RRRR'), 53);

INSERT INTO O_PRODUCT (PDT_ID, CAT_ID, SCAT_ID, PDT_NUMBER, PDT_NAME, PDT_AMOUNT, PDT_DISCOUNT_RATE, PDT_IMG_URL, PDT_COUNT, PDT_REVIEW_COUNT, PDT_SALES_COUNT, PDT_ADDDATE, PDT_VIEWCOUNT) 
VALUES (54, 1, 1, NULL, N'N 타이다이 네일', 14800, 40, NULL, 48, 0, 0, to_date('02/23/2018', 'MM/DD/RRRR'), 54);

INSERT INTO O_PRODUCT (PDT_ID, CAT_ID, SCAT_ID, PDT_NUMBER, PDT_NAME, PDT_AMOUNT, PDT_DISCOUNT_RATE, PDT_IMG_URL, PDT_COUNT, PDT_REVIEW_COUNT, PDT_SALES_COUNT, PDT_ADDDATE, PDT_VIEWCOUNT) 
VALUES (55, 1, 1, NULL, N'N 코랄 선셋 네일', 16800, NULL, NULL, 49, 0, 0, to_date('02/24/2018', 'MM/DD/RRRR'), 55);

INSERT INTO O_PRODUCT (PDT_ID, CAT_ID, SCAT_ID, PDT_NUMBER, PDT_NAME, PDT_AMOUNT, PDT_DISCOUNT_RATE, PDT_IMG_URL, PDT_COUNT, PDT_REVIEW_COUNT, PDT_SALES_COUNT, PDT_ADDDATE, PDT_VIEWCOUNT) 
VALUES (56, 1, 1, NULL, N'N 아인슈페너 네일', 14800, 40, NULL, 50, 0, 0, to_date('02/25/2018', 'MM/DD/RRRR'), 56);

INSERT INTO O_PRODUCT (PDT_ID, CAT_ID, SCAT_ID, PDT_NUMBER, PDT_NAME, PDT_AMOUNT, PDT_DISCOUNT_RATE, PDT_IMG_URL, PDT_COUNT, PDT_REVIEW_COUNT, PDT_SALES_COUNT, PDT_ADDDATE, PDT_VIEWCOUNT) 
VALUES (57, 1, 1, NULL, N'N 드리밍 네일', 14800, 40, NULL, 51, 0, 0, to_date('02/26/2018', 'MM/DD/RRRR'), 57);

INSERT INTO O_PRODUCT (PDT_ID, CAT_ID, SCAT_ID, PDT_NUMBER, PDT_NAME, PDT_AMOUNT, PDT_DISCOUNT_RATE, PDT_IMG_URL, PDT_COUNT, PDT_REVIEW_COUNT, PDT_SALES_COUNT, PDT_ADDDATE, PDT_VIEWCOUNT) 
VALUES (58, 1, 1, NULL, N'N 클로로필 네일', 14800, 30, NULL, 52, 0, 0, to_date('02/27/2018', 'MM/DD/RRRR'), 58);

INSERT INTO O_PRODUCT (PDT_ID, CAT_ID, SCAT_ID, PDT_NUMBER, PDT_NAME, PDT_AMOUNT, PDT_DISCOUNT_RATE, PDT_IMG_URL, PDT_COUNT, PDT_REVIEW_COUNT, PDT_SALES_COUNT, PDT_ADDDATE, PDT_VIEWCOUNT) 
VALUES (59, 1, 1, NULL, N'N 로드 트입 네일', 14800, 40, NULL, 53, 0, 101, to_date('02/28/2018', 'MM/DD/RRRR'), 59);

INSERT INTO O_PRODUCT (PDT_ID, CAT_ID, SCAT_ID, PDT_NUMBER, PDT_NAME, PDT_AMOUNT, PDT_DISCOUNT_RATE, PDT_IMG_URL, PDT_COUNT, PDT_REVIEW_COUNT, PDT_SALES_COUNT, PDT_ADDDATE, PDT_VIEWCOUNT) 
VALUES (60, 1, 1, NULL, N'N 실키 마블 네일', 14800, NULL, NULL, 54, 0, 101, to_date('03/01/2018', 'MM/DD/RRRR'), 60);

INSERT INTO O_PRODUCT (PDT_ID, CAT_ID, SCAT_ID, PDT_NUMBER, PDT_NAME, PDT_AMOUNT, PDT_DISCOUNT_RATE, PDT_IMG_URL, PDT_COUNT, PDT_REVIEW_COUNT, PDT_SALES_COUNT, PDT_ADDDATE, PDT_VIEWCOUNT) 
VALUES (61, 1, 1, NULL, N'N 브라운 슈가 네일', 14800, NULL, NULL, 55, 0, 101, to_date('03/02/2018', 'MM/DD/RRRR'), 61);

INSERT INTO O_PRODUCT (PDT_ID, CAT_ID, SCAT_ID, PDT_NUMBER, PDT_NAME, PDT_AMOUNT, PDT_DISCOUNT_RATE, PDT_IMG_URL, PDT_COUNT, PDT_REVIEW_COUNT, PDT_SALES_COUNT, PDT_ADDDATE, PDT_VIEWCOUNT) 
VALUES (62, 1, 1, NULL, N'N 메모리 네일', 14800, NULL, NULL, 56, 0, 101, to_date('03/03/2018', 'MM/DD/RRRR'), 62);

INSERT INTO O_PRODUCT (PDT_ID, CAT_ID, SCAT_ID, PDT_NUMBER, PDT_NAME, PDT_AMOUNT, PDT_DISCOUNT_RATE, PDT_IMG_URL, PDT_COUNT, PDT_REVIEW_COUNT, PDT_SALES_COUNT, PDT_ADDDATE, PDT_VIEWCOUNT) 
VALUES (63, 1, 1, NULL, N'N 멀베리 네일', 14800, NULL, NULL, 57, 0, 101, to_date('03/04/2018', 'MM/DD/RRRR'), 63);

INSERT INTO O_PRODUCT (PDT_ID, CAT_ID, SCAT_ID, PDT_NUMBER, PDT_NAME, PDT_AMOUNT, PDT_DISCOUNT_RATE, PDT_IMG_URL, PDT_COUNT, PDT_REVIEW_COUNT, PDT_SALES_COUNT, PDT_ADDDATE, PDT_VIEWCOUNT) 
VALUES (64, 1, 1, NULL, N'N 브리징 데이 네일', 16800, NULL, NULL, 58, 0, 101, to_date('03/05/2018', 'MM/DD/RRRR'), 64);

INSERT INTO O_PRODUCT (PDT_ID, CAT_ID, SCAT_ID, PDT_NUMBER, PDT_NAME, PDT_AMOUNT, PDT_DISCOUNT_RATE, PDT_IMG_URL, PDT_COUNT, PDT_REVIEW_COUNT, PDT_SALES_COUNT, PDT_ADDDATE, PDT_VIEWCOUNT) 
VALUES (65, 1, 1, NULL, N'N 소르베 네일', 14800, NULL, NULL, 59, 0, 101, to_date('03/06/2018', 'MM/DD/RRRR'), 65);

INSERT INTO O_PRODUCT (PDT_ID, CAT_ID, SCAT_ID, PDT_NUMBER, PDT_NAME, PDT_AMOUNT, PDT_DISCOUNT_RATE, PDT_IMG_URL, PDT_COUNT, PDT_REVIEW_COUNT, PDT_SALES_COUNT, PDT_ADDDATE, PDT_VIEWCOUNT) 
VALUES (66, 1, 1, NULL, N'N 브릴리언트 네일', 14800, NULL, NULL, 60, 0, 101, to_date('03/07/2018', 'MM/DD/RRRR'), 66);

INSERT INTO O_PRODUCT (PDT_ID, CAT_ID, SCAT_ID, PDT_NUMBER, PDT_NAME, PDT_AMOUNT, PDT_DISCOUNT_RATE, PDT_IMG_URL, PDT_COUNT, PDT_REVIEW_COUNT, PDT_SALES_COUNT, PDT_ADDDATE, PDT_VIEWCOUNT) 
VALUES (67, 1, 1, NULL, N'N 로즈 다이아 네일', 14800, NULL, NULL, 61, 0, 101, to_date('03/08/2018', 'MM/DD/RRRR'), 67);

INSERT INTO O_PRODUCT (PDT_ID, CAT_ID, SCAT_ID, PDT_NUMBER, PDT_NAME, PDT_AMOUNT, PDT_DISCOUNT_RATE, PDT_IMG_URL, PDT_COUNT, PDT_REVIEW_COUNT, PDT_SALES_COUNT, PDT_ADDDATE, PDT_VIEWCOUNT) 
VALUES (68, 1, 1, NULL, N'N 포트리 네일', 14800, NULL, NULL, 62, 0, 101, to_date('03/09/2018', 'MM/DD/RRRR'), 68);

INSERT INTO O_PRODUCT (PDT_ID, CAT_ID, SCAT_ID, PDT_NUMBER, PDT_NAME, PDT_AMOUNT, PDT_DISCOUNT_RATE, PDT_IMG_URL, PDT_COUNT, PDT_REVIEW_COUNT, PDT_SALES_COUNT, PDT_ADDDATE, PDT_VIEWCOUNT) 
VALUES (69, 1, 1, NULL, N'N 버터스카치 네일', 14800, NULL, NULL, 63, 0, 101, to_date('03/10/2018', 'MM/DD/RRRR'), 69);

INSERT INTO O_PRODUCT (PDT_ID, CAT_ID, SCAT_ID, PDT_NUMBER, PDT_NAME, PDT_AMOUNT, PDT_DISCOUNT_RATE, PDT_IMG_URL, PDT_COUNT, PDT_REVIEW_COUNT, PDT_SALES_COUNT, PDT_ADDDATE, PDT_VIEWCOUNT) 
VALUES (70, 1, 1, NULL, N'N 애프터글로우 네일', 14800, NULL, NULL, 64, 0, 101, to_date('03/11/2018', 'MM/DD/RRRR'), 70);

INSERT INTO O_PRODUCT (PDT_ID, CAT_ID, SCAT_ID, PDT_NUMBER, PDT_NAME, PDT_AMOUNT, PDT_DISCOUNT_RATE, PDT_IMG_URL, PDT_COUNT, PDT_REVIEW_COUNT, PDT_SALES_COUNT, PDT_ADDDATE, PDT_VIEWCOUNT) 
VALUES (71, 1, 1, NULL, N'N 애플 사이다 네일', 14800, NULL, NULL, 0, 0, 201, to_date('03/12/2018', 'MM/DD/RRRR'), 71);

INSERT INTO O_PRODUCT (PDT_ID, CAT_ID, SCAT_ID, PDT_NUMBER, PDT_NAME, PDT_AMOUNT, PDT_DISCOUNT_RATE, PDT_IMG_URL, PDT_COUNT, PDT_REVIEW_COUNT, PDT_SALES_COUNT, PDT_ADDDATE, PDT_VIEWCOUNT) 
VALUES (72, 1, 1, NULL, N'N 클린화이트 네일', 12800, NULL, NULL, 40, 0, 203, to_date('03/13/2018', 'MM/DD/RRRR'), 72);

INSERT INTO O_PRODUCT (PDT_ID, CAT_ID, SCAT_ID, PDT_NUMBER, PDT_NAME, PDT_AMOUNT, PDT_DISCOUNT_RATE, PDT_IMG_URL, PDT_COUNT, PDT_REVIEW_COUNT, PDT_SALES_COUNT, PDT_ADDDATE, PDT_VIEWCOUNT) 
VALUES (73, 1, 1, NULL, N'N 오닉스 네일', 12800, NULL, NULL, 41, 0, 205, to_date('03/14/2018', 'MM/DD/RRRR'), 73);

INSERT INTO O_PRODUCT (PDT_ID, CAT_ID, SCAT_ID, PDT_NUMBER, PDT_NAME, PDT_AMOUNT, PDT_DISCOUNT_RATE, PDT_IMG_URL, PDT_COUNT, PDT_REVIEW_COUNT, PDT_SALES_COUNT, PDT_ADDDATE, PDT_VIEWCOUNT) 
VALUES (74, 1, 1, NULL, N'N 실프 네일', 14800, NULL, NULL, 42, 0, 207, to_date('03/15/2018', 'MM/DD/RRRR'), 74);

INSERT INTO O_PRODUCT (PDT_ID, CAT_ID, SCAT_ID, PDT_NUMBER, PDT_NAME, PDT_AMOUNT, PDT_DISCOUNT_RATE, PDT_IMG_URL, PDT_COUNT, PDT_REVIEW_COUNT, PDT_SALES_COUNT, PDT_ADDDATE, PDT_VIEWCOUNT) 
VALUES (75, 1, 1, NULL, N'N 틴트 블랙 네일', 12800, 30, NULL, 0, 0, 209, to_date('03/16/2018', 'MM/DD/RRRR'), 75);

INSERT INTO O_PRODUCT (PDT_ID, CAT_ID, SCAT_ID, PDT_NUMBER, PDT_NAME, PDT_AMOUNT, PDT_DISCOUNT_RATE, PDT_IMG_URL, PDT_COUNT, PDT_REVIEW_COUNT, PDT_SALES_COUNT, PDT_ADDDATE, PDT_VIEWCOUNT) 
VALUES (76, 1, 1, NULL, N'N 퀸 네일', 16800, NULL, NULL, 0, 0, 211, to_date('03/17/2018', 'MM/DD/RRRR'), 76);

INSERT INTO O_PRODUCT (PDT_ID, CAT_ID, SCAT_ID, PDT_NUMBER, PDT_NAME, PDT_AMOUNT, PDT_DISCOUNT_RATE, PDT_IMG_URL, PDT_COUNT, PDT_REVIEW_COUNT, PDT_SALES_COUNT, PDT_ADDDATE, PDT_VIEWCOUNT) 
VALUES (77, 1, 1, NULL, N'N 슈가 프렌치 네일', 14800, NULL, NULL, 43, 0, 213, to_date('03/18/2018', 'MM/DD/RRRR'), 77);

INSERT INTO O_PRODUCT (PDT_ID, CAT_ID, SCAT_ID, PDT_NUMBER, PDT_NAME, PDT_AMOUNT, PDT_DISCOUNT_RATE, PDT_IMG_URL, PDT_COUNT, PDT_REVIEW_COUNT, PDT_SALES_COUNT, PDT_ADDDATE, PDT_VIEWCOUNT) 
VALUES (78, 1, 1, NULL, N'N 틴트 드롭 네일', 14800, NULL, NULL, 44, 0, 215, to_date('03/19/2018', 'MM/DD/RRRR'), 78);

INSERT INTO O_PRODUCT (PDT_ID, CAT_ID, SCAT_ID, PDT_NUMBER, PDT_NAME, PDT_AMOUNT, PDT_DISCOUNT_RATE, PDT_IMG_URL, PDT_COUNT, PDT_REVIEW_COUNT, PDT_SALES_COUNT, PDT_ADDDATE, PDT_VIEWCOUNT) 
VALUES (79, 1, 1, NULL, N'N 샹들리에 네일', 14800, NULL, NULL, 45, 0, 217, to_date('03/20/2018', 'MM/DD/RRRR'), 79);

INSERT INTO O_PRODUCT (PDT_ID, CAT_ID, SCAT_ID, PDT_NUMBER, PDT_NAME, PDT_AMOUNT, PDT_DISCOUNT_RATE, PDT_IMG_URL, PDT_COUNT, PDT_REVIEW_COUNT, PDT_SALES_COUNT, PDT_ADDDATE, PDT_VIEWCOUNT) 
VALUES (80, 1, 1, NULL, N'N 주근깨 네일', 17800, NULL, NULL, 46, 0, 219, to_date('03/21/2018', 'MM/DD/RRRR'), 80);

INSERT INTO O_PRODUCT (PDT_ID, CAT_ID, SCAT_ID, PDT_NUMBER, PDT_NAME, PDT_AMOUNT, PDT_DISCOUNT_RATE, PDT_IMG_URL, PDT_COUNT, PDT_REVIEW_COUNT, PDT_SALES_COUNT, PDT_ADDDATE, PDT_VIEWCOUNT) 
VALUES (81, 1, 1, NULL, N'N 헤이미쉬 네일', 14800, NULL, NULL, 47, 0, 221, to_date('03/22/2018', 'MM/DD/RRRR'), 81);

INSERT INTO O_PRODUCT (PDT_ID, CAT_ID, SCAT_ID, PDT_NUMBER, PDT_NAME, PDT_AMOUNT, PDT_DISCOUNT_RATE, PDT_IMG_URL, PDT_COUNT, PDT_REVIEW_COUNT, PDT_SALES_COUNT, PDT_ADDDATE, PDT_VIEWCOUNT) 
VALUES (82, 1, 1, NULL, N'N 뮬리 네일', 16800, 40, NULL, 0, 0, 223, to_date('03/23/2018', 'MM/DD/RRRR'), 82);

INSERT INTO O_PRODUCT (PDT_ID, CAT_ID, SCAT_ID, PDT_NUMBER, PDT_NAME, PDT_AMOUNT, PDT_DISCOUNT_RATE, PDT_IMG_URL, PDT_COUNT, PDT_REVIEW_COUNT, PDT_SALES_COUNT, PDT_ADDDATE, PDT_VIEWCOUNT) 
VALUES (83, 1, 1, NULL, N'N 헬로 선라이즈 네일', 14800, NULL, NULL, 48, 0, 225, to_date('03/24/2018', 'MM/DD/RRRR'), 83);

INSERT INTO O_PRODUCT (PDT_ID, CAT_ID, SCAT_ID, PDT_NUMBER, PDT_NAME, PDT_AMOUNT, PDT_DISCOUNT_RATE, PDT_IMG_URL, PDT_COUNT, PDT_REVIEW_COUNT, PDT_SALES_COUNT, PDT_ADDDATE, PDT_VIEWCOUNT) 
VALUES (84, 1, 1, NULL, N'N 슬리버 네일', 14800, NULL, NULL, 49, 0, 227, to_date('03/25/2018', 'MM/DD/RRRR'), 84);

INSERT INTO O_PRODUCT (PDT_ID, CAT_ID, SCAT_ID, PDT_NUMBER, PDT_NAME, PDT_AMOUNT, PDT_DISCOUNT_RATE, PDT_IMG_URL, PDT_COUNT, PDT_REVIEW_COUNT, PDT_SALES_COUNT, PDT_ADDDATE, PDT_VIEWCOUNT) 
VALUES (85, 1, 1, NULL, N'N 블랙 버니 네일', 16800, NULL, NULL, 0, 0, 229, to_date('03/26/2018', 'MM/DD/RRRR'), 85);

INSERT INTO O_PRODUCT (PDT_ID, CAT_ID, SCAT_ID, PDT_NUMBER, PDT_NAME, PDT_AMOUNT, PDT_DISCOUNT_RATE, PDT_IMG_URL, PDT_COUNT, PDT_REVIEW_COUNT, PDT_SALES_COUNT, PDT_ADDDATE, PDT_VIEWCOUNT) 
VALUES (86, 1, 1, NULL, N'N 토피넛 라떼 네일', 14800, 40, NULL, 50, 0, 231, to_date('03/27/2018', 'MM/DD/RRRR'), 86);

INSERT INTO O_PRODUCT (PDT_ID, CAT_ID, SCAT_ID, PDT_NUMBER, PDT_NAME, PDT_AMOUNT, PDT_DISCOUNT_RATE, PDT_IMG_URL, PDT_COUNT, PDT_REVIEW_COUNT, PDT_SALES_COUNT, PDT_ADDDATE, PDT_VIEWCOUNT) 
VALUES (87, 1, 1, NULL, N'N 뉴트로 네일 1호', 14800, NULL, NULL, 51, 0, 233, to_date('03/28/2018', 'MM/DD/RRRR'), 87);

INSERT INTO O_PRODUCT (PDT_ID, CAT_ID, SCAT_ID, PDT_NUMBER, PDT_NAME, PDT_AMOUNT, PDT_DISCOUNT_RATE, PDT_IMG_URL, PDT_COUNT, PDT_REVIEW_COUNT, PDT_SALES_COUNT, PDT_ADDDATE, PDT_VIEWCOUNT) 
VALUES (88, 1, 1, NULL, N'N 네온 빔 네일', 14800, NULL, NULL, 52, 0, 235, to_date('03/29/2018', 'MM/DD/RRRR'), 88);

INSERT INTO O_PRODUCT (PDT_ID, CAT_ID, SCAT_ID, PDT_NUMBER, PDT_NAME, PDT_AMOUNT, PDT_DISCOUNT_RATE, PDT_IMG_URL, PDT_COUNT, PDT_REVIEW_COUNT, PDT_SALES_COUNT, PDT_ADDDATE, PDT_VIEWCOUNT) 
VALUES (89, 1, 1, NULL, N'N 엠버서더 네일', 14800, NULL, NULL, 53, 0, 237, to_date('03/30/2018', 'MM/DD/RRRR'), 89);

INSERT INTO O_PRODUCT (PDT_ID, CAT_ID, SCAT_ID, PDT_NUMBER, PDT_NAME, PDT_AMOUNT, PDT_DISCOUNT_RATE, PDT_IMG_URL, PDT_COUNT, PDT_REVIEW_COUNT, PDT_SALES_COUNT, PDT_ADDDATE, PDT_VIEWCOUNT) 
VALUES (90, 1, 1, NULL, N'N 버터 스카치 네일', 14800, NULL, NULL, 54, 0, 239, to_date('03/31/2018', 'MM/DD/RRRR'), 90);

INSERT INTO O_PRODUCT (PDT_ID, CAT_ID, SCAT_ID, PDT_NUMBER, PDT_NAME, PDT_AMOUNT, PDT_DISCOUNT_RATE, PDT_IMG_URL, PDT_COUNT, PDT_REVIEW_COUNT, PDT_SALES_COUNT, PDT_ADDDATE, PDT_VIEWCOUNT) 
VALUES (91, 1, 1, NULL, N'N 젤리빈 네일', 14800, NULL, NULL, 55, 0, 204, to_date('04/01/2018', 'MM/DD/RRRR'), 91);

INSERT INTO O_PRODUCT (PDT_ID, CAT_ID, SCAT_ID, PDT_NUMBER, PDT_NAME, PDT_AMOUNT, PDT_DISCOUNT_RATE, PDT_IMG_URL, PDT_COUNT, PDT_REVIEW_COUNT, PDT_SALES_COUNT, PDT_ADDDATE, PDT_VIEWCOUNT) 
VALUES (92, 1, 1, NULL, N'N 코지 네일', 14800, NULL, NULL, 56, 0, 205, to_date('04/02/2018', 'MM/DD/RRRR'), 92);

INSERT INTO O_PRODUCT (PDT_ID, CAT_ID, SCAT_ID, PDT_NUMBER, PDT_NAME, PDT_AMOUNT, PDT_DISCOUNT_RATE, PDT_IMG_URL, PDT_COUNT, PDT_REVIEW_COUNT, PDT_SALES_COUNT, PDT_ADDDATE, PDT_VIEWCOUNT) 
VALUES (93, 1, 1, NULL, N'N 텐저린 네일', 15800, NULL, NULL, 57, 0, 206, to_date('04/03/2018', 'MM/DD/RRRR'), 93);

INSERT INTO O_PRODUCT (PDT_ID, CAT_ID, SCAT_ID, PDT_NUMBER, PDT_NAME, PDT_AMOUNT, PDT_DISCOUNT_RATE, PDT_IMG_URL, PDT_COUNT, PDT_REVIEW_COUNT, PDT_SALES_COUNT, PDT_ADDDATE, PDT_VIEWCOUNT) 
VALUES (94, 1, 1, NULL, N'N 디어 산타 네일', 14800, NULL, NULL, 58, 0, 207, to_date('04/04/2018', 'MM/DD/RRRR'), 94);

INSERT INTO O_PRODUCT (PDT_ID, CAT_ID, SCAT_ID, PDT_NUMBER, PDT_NAME, PDT_AMOUNT, PDT_DISCOUNT_RATE, PDT_IMG_URL, PDT_COUNT, PDT_REVIEW_COUNT, PDT_SALES_COUNT, PDT_ADDDATE, PDT_VIEWCOUNT) 
VALUES (95, 1, 1, NULL, N'N 핑키쉬 네일', 14800, NULL, NULL, 0, 0, 208, to_date('04/05/2018', 'MM/DD/RRRR'), 95);

INSERT INTO O_PRODUCT (PDT_ID, CAT_ID, SCAT_ID, PDT_NUMBER, PDT_NAME, PDT_AMOUNT, PDT_DISCOUNT_RATE, PDT_IMG_URL, PDT_COUNT, PDT_REVIEW_COUNT, PDT_SALES_COUNT, PDT_ADDDATE, PDT_VIEWCOUNT) 
VALUES (96, 1, 1, NULL, N'N 오후의 정원 네일', 16800, NULL, NULL, 0, 0, 209, to_date('04/06/2018', 'MM/DD/RRRR'), 96);

INSERT INTO O_PRODUCT (PDT_ID, CAT_ID, SCAT_ID, PDT_NUMBER, PDT_NAME, PDT_AMOUNT, PDT_DISCOUNT_RATE, PDT_IMG_URL, PDT_COUNT, PDT_REVIEW_COUNT, PDT_SALES_COUNT, PDT_ADDDATE, PDT_VIEWCOUNT) 
VALUES (97, 1, 1, NULL, N'N 레이서 네일', 14800, NULL, NULL, 0, 0, 210, to_date('04/07/2018', 'MM/DD/RRRR'), 97);

INSERT INTO O_PRODUCT (PDT_ID, CAT_ID, SCAT_ID, PDT_NUMBER, PDT_NAME, PDT_AMOUNT, PDT_DISCOUNT_RATE, PDT_IMG_URL, PDT_COUNT, PDT_REVIEW_COUNT, PDT_SALES_COUNT, PDT_ADDDATE, PDT_VIEWCOUNT) 
VALUES (98, 1, 1, NULL, N'N 버디 네일', 14800, NULL, NULL, 0, 0, 211, to_date('04/08/2018', 'MM/DD/RRRR'), 98);

INSERT INTO O_PRODUCT (PDT_ID, CAT_ID, SCAT_ID, PDT_NUMBER, PDT_NAME, PDT_AMOUNT, PDT_DISCOUNT_RATE, PDT_IMG_URL, PDT_COUNT, PDT_REVIEW_COUNT, PDT_SALES_COUNT, PDT_ADDDATE, PDT_VIEWCOUNT) 
VALUES (99, 1, 1, NULL, N'N 세이지 네일', 15800, 40, NULL, 60, 0, 212, to_date('04/09/2018', 'MM/DD/RRRR'), 99);

INSERT INTO O_PRODUCT (PDT_ID, CAT_ID, SCAT_ID, PDT_NUMBER, PDT_NAME, PDT_AMOUNT, PDT_DISCOUNT_RATE, PDT_IMG_URL, PDT_COUNT, PDT_REVIEW_COUNT, PDT_SALES_COUNT, PDT_ADDDATE, PDT_VIEWCOUNT) 
VALUES (100, 1, 1, NULL, N'N 펄드 코코 네일', 17800, NULL, NULL, 60, 0, 213, to_date('04/10/2018', 'MM/DD/RRRR'), 100);

INSERT INTO O_PRODUCT (PDT_ID, CAT_ID, SCAT_ID, PDT_NUMBER, PDT_NAME, PDT_AMOUNT, PDT_DISCOUNT_RATE, PDT_IMG_URL, PDT_COUNT, PDT_REVIEW_COUNT, PDT_SALES_COUNT, PDT_ADDDATE, PDT_VIEWCOUNT) 
VALUES (101, 1, 1, NULL, N'N 라비앙 로즈 네일', 17800, NULL, NULL, 60, 0, 214, to_date('04/11/2018', 'MM/DD/RRRR'), 101);

INSERT INTO O_PRODUCT (PDT_ID, CAT_ID, SCAT_ID, PDT_NUMBER, PDT_NAME, PDT_AMOUNT, PDT_DISCOUNT_RATE, PDT_IMG_URL, PDT_COUNT, PDT_REVIEW_COUNT, PDT_SALES_COUNT, PDT_ADDDATE, PDT_VIEWCOUNT) 
VALUES (102, 1, 1, NULL, N'N 그레이스 네일', 17800, NULL, NULL, 60, 0, 215, to_date('04/12/2018', 'MM/DD/RRRR'), 102);

INSERT INTO O_PRODUCT (PDT_ID, CAT_ID, SCAT_ID, PDT_NUMBER, PDT_NAME, PDT_AMOUNT, PDT_DISCOUNT_RATE, PDT_IMG_URL, PDT_COUNT, PDT_REVIEW_COUNT, PDT_SALES_COUNT, PDT_ADDDATE, PDT_VIEWCOUNT) 
VALUES (103, 1, 1, NULL, N'N 무아레 네일', 16800, NULL, NULL, 60, 0, 216, to_date('04/13/2018', 'MM/DD/RRRR'), 103);

INSERT INTO O_PRODUCT (PDT_ID, CAT_ID, SCAT_ID, PDT_NUMBER, PDT_NAME, PDT_AMOUNT, PDT_DISCOUNT_RATE, PDT_IMG_URL, PDT_COUNT, PDT_REVIEW_COUNT, PDT_SALES_COUNT, PDT_ADDDATE, PDT_VIEWCOUNT) 
VALUES (104, 1, 1, NULL, N'N 발레 블랑 네일', 16800, NULL, NULL, 0, 0, 217, to_date('04/14/2018', 'MM/DD/RRRR'), 104);

INSERT INTO O_PRODUCT (PDT_ID, CAT_ID, SCAT_ID, PDT_NUMBER, PDT_NAME, PDT_AMOUNT, PDT_DISCOUNT_RATE, PDT_IMG_URL, PDT_COUNT, PDT_REVIEW_COUNT, PDT_SALES_COUNT, PDT_ADDDATE, PDT_VIEWCOUNT) 
VALUES (105, 1, 1, NULL, N'N 데이 브레이크 네일', 16800, NULL, NULL, 0, 0, 301, to_date('04/15/2018', 'MM/DD/RRRR'), 105);

INSERT INTO O_PRODUCT (PDT_ID, CAT_ID, SCAT_ID, PDT_NUMBER, PDT_NAME, PDT_AMOUNT, PDT_DISCOUNT_RATE, PDT_IMG_URL, PDT_COUNT, PDT_REVIEW_COUNT, PDT_SALES_COUNT, PDT_ADDDATE, PDT_VIEWCOUNT) 
VALUES (106, 1, 1, NULL, N'N 듀이 플라워 네일', 16800, 40, NULL, 0, 0, 305, to_date('04/16/2018', 'MM/DD/RRRR'), 106);

INSERT INTO O_PRODUCT (PDT_ID, CAT_ID, SCAT_ID, PDT_NUMBER, PDT_NAME, PDT_AMOUNT, PDT_DISCOUNT_RATE, PDT_IMG_URL, PDT_COUNT, PDT_REVIEW_COUNT, PDT_SALES_COUNT, PDT_ADDDATE, PDT_VIEWCOUNT) 
VALUES (107, 1, 2, 1, N'마이 갤럭시 네일 (라운드 스퀘어)', 27800, NULL, NULL, 101, 0, 309, to_date('04/17/2018', 'MM/DD/RRRR'), 107);

INSERT INTO O_PRODUCT (PDT_ID, CAT_ID, SCAT_ID, PDT_NUMBER, PDT_NAME, PDT_AMOUNT, PDT_DISCOUNT_RATE, PDT_IMG_URL, PDT_COUNT, PDT_REVIEW_COUNT, PDT_SALES_COUNT, PDT_ADDDATE, PDT_VIEWCOUNT) 
VALUES (108, 1, 2, 1, N'크리미 버터 네일 (라운드 스퀘어)', 27800, NULL, NULL, 102, 0, 313, to_date('04/18/2018', 'MM/DD/RRRR'), 108);

INSERT INTO O_PRODUCT (PDT_ID, CAT_ID, SCAT_ID, PDT_NUMBER, PDT_NAME, PDT_AMOUNT, PDT_DISCOUNT_RATE, PDT_IMG_URL, PDT_COUNT, PDT_REVIEW_COUNT, PDT_SALES_COUNT, PDT_ADDDATE, PDT_VIEWCOUNT) 
VALUES (109, 1, 2, 1, N'에센셜 네일 (라운드 스퀘어)', 27800, NULL, NULL, 103, 0, 317, to_date('04/19/2018', 'MM/DD/RRRR'), 109);

INSERT INTO O_PRODUCT (PDT_ID, CAT_ID, SCAT_ID, PDT_NUMBER, PDT_NAME, PDT_AMOUNT, PDT_DISCOUNT_RATE, PDT_IMG_URL, PDT_COUNT, PDT_REVIEW_COUNT, PDT_SALES_COUNT, PDT_ADDDATE, PDT_VIEWCOUNT) 
VALUES (110, 1, 2, 1, N'벨르 네일 (라운드 스퀘어)', 25800, NULL, NULL, 104, 0, 321, to_date('04/20/2018', 'MM/DD/RRRR'), 110);

INSERT INTO O_PRODUCT (PDT_ID, CAT_ID, SCAT_ID, PDT_NUMBER, PDT_NAME, PDT_AMOUNT, PDT_DISCOUNT_RATE, PDT_IMG_URL, PDT_COUNT, PDT_REVIEW_COUNT, PDT_SALES_COUNT, PDT_ADDDATE, PDT_VIEWCOUNT) 
VALUES (111, 1, 2, 1, N'뉴트럴 네일 (라운드 스퀘어)', 25800, NULL, NULL, 105, 0, 325, to_date('04/21/2018', 'MM/DD/RRRR'), 111);

INSERT INTO O_PRODUCT (PDT_ID, CAT_ID, SCAT_ID, PDT_NUMBER, PDT_NAME, PDT_AMOUNT, PDT_DISCOUNT_RATE, PDT_IMG_URL, PDT_COUNT, PDT_REVIEW_COUNT, PDT_SALES_COUNT, PDT_ADDDATE, PDT_VIEWCOUNT) 
VALUES (112, 1, 2, 1, N'그로브 네일 (라운드 스퀘어)', 25800, NULL, NULL, 106, 0, 329, to_date('04/22/2018', 'MM/DD/RRRR'), 112);

INSERT INTO O_PRODUCT (PDT_ID, CAT_ID, SCAT_ID, PDT_NUMBER, PDT_NAME, PDT_AMOUNT, PDT_DISCOUNT_RATE, PDT_IMG_URL, PDT_COUNT, PDT_REVIEW_COUNT, PDT_SALES_COUNT, PDT_ADDDATE, PDT_VIEWCOUNT) 
VALUES (113, 1, 2, 1, N'미스티 라일락 네일 (라운드 스퀘어)', 27800, NULL, NULL, 107, 0, 333, to_date('04/23/2018', 'MM/DD/RRRR'), 113);

INSERT INTO O_PRODUCT (PDT_ID, CAT_ID, SCAT_ID, PDT_NUMBER, PDT_NAME, PDT_AMOUNT, PDT_DISCOUNT_RATE, PDT_IMG_URL, PDT_COUNT, PDT_REVIEW_COUNT, PDT_SALES_COUNT, PDT_ADDDATE, PDT_VIEWCOUNT) 
VALUES (114, 1, 2, 1, N'애프리콧 주스 네일 (라운드 스퀘어)', 27800, NULL, NULL, 108, 0, 337, to_date('04/24/2018', 'MM/DD/RRRR'), 114);

INSERT INTO O_PRODUCT (PDT_ID, CAT_ID, SCAT_ID, PDT_NUMBER, PDT_NAME, PDT_AMOUNT, PDT_DISCOUNT_RATE, PDT_IMG_URL, PDT_COUNT, PDT_REVIEW_COUNT, PDT_SALES_COUNT, PDT_ADDDATE, PDT_VIEWCOUNT) 
VALUES (115, 1, 2, NULL, N'N 러브 포션 네일 (라운드 스퀘어)', 27800, NULL, NULL, 109, 0, 341, to_date('04/25/2018', 'MM/DD/RRRR'), 115);

INSERT INTO O_PRODUCT (PDT_ID, CAT_ID, SCAT_ID, PDT_NUMBER, PDT_NAME, PDT_AMOUNT, PDT_DISCOUNT_RATE, PDT_IMG_URL, PDT_COUNT, PDT_REVIEW_COUNT, PDT_SALES_COUNT, PDT_ADDDATE, PDT_VIEWCOUNT) 
VALUES (116, 1, 2, NULL, N'N 페일 쉬머 네일 (라운드 스퀘어)', 27800, NULL, NULL, 110, 0, 345, to_date('04/26/2018', 'MM/DD/RRRR'), 116);

INSERT INTO O_PRODUCT (PDT_ID, CAT_ID, SCAT_ID, PDT_NUMBER, PDT_NAME, PDT_AMOUNT, PDT_DISCOUNT_RATE, PDT_IMG_URL, PDT_COUNT, PDT_REVIEW_COUNT, PDT_SALES_COUNT, PDT_ADDDATE, PDT_VIEWCOUNT) 
VALUES (117, 1, 2, NULL, N'N 글림 웨이브 네일 (라운드 스퀘어)', 27800, NULL, NULL, 111, 0, 349, to_date('04/27/2018', 'MM/DD/RRRR'), 117);

INSERT INTO O_PRODUCT (PDT_ID, CAT_ID, SCAT_ID, PDT_NUMBER, PDT_NAME, PDT_AMOUNT, PDT_DISCOUNT_RATE, PDT_IMG_URL, PDT_COUNT, PDT_REVIEW_COUNT, PDT_SALES_COUNT, PDT_ADDDATE, PDT_VIEWCOUNT) 
VALUES (118, 1, 2, 2, N'N 글레이즈 프렌치 네일 (라운드 스퀘어)', 27800, NULL, NULL, 112, 0, 353, to_date('04/28/2018', 'MM/DD/RRRR'), 118);

INSERT INTO O_PRODUCT (PDT_ID, CAT_ID, SCAT_ID, PDT_NUMBER, PDT_NAME, PDT_AMOUNT, PDT_DISCOUNT_RATE, PDT_IMG_URL, PDT_COUNT, PDT_REVIEW_COUNT, PDT_SALES_COUNT, PDT_ADDDATE, PDT_VIEWCOUNT) 
VALUES (119, 1, 2, 3, N'선라이즈 네일 (라운드 스퀘어)', 27800, NULL, NULL, 113, 0, 357, to_date('04/29/2018', 'MM/DD/RRRR'), 119);

INSERT INTO O_PRODUCT (PDT_ID, CAT_ID, SCAT_ID, PDT_NUMBER, PDT_NAME, PDT_AMOUNT, PDT_DISCOUNT_RATE, PDT_IMG_URL, PDT_COUNT, PDT_REVIEW_COUNT, PDT_SALES_COUNT, PDT_ADDDATE, PDT_VIEWCOUNT) 
VALUES (120, 1, 2, 1, N'치크 네일 (라운드 스퀘어)', 27800, NULL, NULL, 114, 0, 361, to_date('04/30/2018', 'MM/DD/RRRR'), 120);

INSERT INTO O_PRODUCT (PDT_ID, CAT_ID, SCAT_ID, PDT_NUMBER, PDT_NAME, PDT_AMOUNT, PDT_DISCOUNT_RATE, PDT_IMG_URL, PDT_COUNT, PDT_REVIEW_COUNT, PDT_SALES_COUNT, PDT_ADDDATE, PDT_VIEWCOUNT) 
VALUES (121, 1, 2, 1, N'로지 네일 (라운드 스퀘어)', 27800, NULL, NULL, 115, 0, 365, to_date('05/01/2018', 'MM/DD/RRRR'), 121);

INSERT INTO O_PRODUCT (PDT_ID, CAT_ID, SCAT_ID, PDT_NUMBER, PDT_NAME, PDT_AMOUNT, PDT_DISCOUNT_RATE, PDT_IMG_URL, PDT_COUNT, PDT_REVIEW_COUNT, PDT_SALES_COUNT, PDT_ADDDATE, PDT_VIEWCOUNT) 
VALUES (122, 1, 2, 1, N'마일드 네일 (라운드 스퀘어)', 27800, NULL, NULL, 116, 0, 369, to_date('05/02/2018', 'MM/DD/RRRR'), 122);

INSERT INTO O_PRODUCT (PDT_ID, CAT_ID, SCAT_ID, PDT_NUMBER, PDT_NAME, PDT_AMOUNT, PDT_DISCOUNT_RATE, PDT_IMG_URL, PDT_COUNT, PDT_REVIEW_COUNT, PDT_SALES_COUNT, PDT_ADDDATE, PDT_VIEWCOUNT) 
VALUES (123, 1, 2, 1, N'웨이비 네일 (라운드 스퀘어)', 27800, NULL, NULL, 117, 0, 373, to_date('05/03/2018', 'MM/DD/RRRR'), 123);

INSERT INTO O_PRODUCT (PDT_ID, CAT_ID, SCAT_ID, PDT_NUMBER, PDT_NAME, PDT_AMOUNT, PDT_DISCOUNT_RATE, PDT_IMG_URL, PDT_COUNT, PDT_REVIEW_COUNT, PDT_SALES_COUNT, PDT_ADDDATE, PDT_VIEWCOUNT) 
VALUES (124, 1, 2, 2, N'선셋 스파클링 네일 (라운드 스퀘어)', 27800, NULL, NULL, 118, 0, 377, to_date('05/04/2018', 'MM/DD/RRRR'), 124);

INSERT INTO O_PRODUCT (PDT_ID, CAT_ID, SCAT_ID, PDT_NUMBER, PDT_NAME, PDT_AMOUNT, PDT_DISCOUNT_RATE, PDT_IMG_URL, PDT_COUNT, PDT_REVIEW_COUNT, PDT_SALES_COUNT, PDT_ADDDATE, PDT_VIEWCOUNT) 
VALUES (125, 1, 2, 2, N'골드 엣지 네일 (라운드 스퀘어)', 27800, NULL, NULL, 119, 0, 381, to_date('05/05/2018', 'MM/DD/RRRR'), 125);

INSERT INTO O_PRODUCT (PDT_ID, CAT_ID, SCAT_ID, PDT_NUMBER, PDT_NAME, PDT_AMOUNT, PDT_DISCOUNT_RATE, PDT_IMG_URL, PDT_COUNT, PDT_REVIEW_COUNT, PDT_SALES_COUNT, PDT_ADDDATE, PDT_VIEWCOUNT) 
VALUES (126, 1, 2, 1, N'N 소피 네일 (라운드 스퀘어)', 27800, NULL, NULL, 120, 0, 385, to_date('05/06/2018', 'MM/DD/RRRR'), 126);

INSERT INTO O_PRODUCT (PDT_ID, CAT_ID, SCAT_ID, PDT_NUMBER, PDT_NAME, PDT_AMOUNT, PDT_DISCOUNT_RATE, PDT_IMG_URL, PDT_COUNT, PDT_REVIEW_COUNT, PDT_SALES_COUNT, PDT_ADDDATE, PDT_VIEWCOUNT) 
VALUES (127, 1, 2, 1, N'글리머링 네일 (라운드 스퀘어)', 27800, NULL, NULL, 121, 0, 389, to_date('05/07/2018', 'MM/DD/RRRR'), 127);

INSERT INTO O_PRODUCT (PDT_ID, CAT_ID, SCAT_ID, PDT_NUMBER, PDT_NAME, PDT_AMOUNT, PDT_DISCOUNT_RATE, PDT_IMG_URL, PDT_COUNT, PDT_REVIEW_COUNT, PDT_SALES_COUNT, PDT_ADDDATE, PDT_VIEWCOUNT) 
VALUES (128, 2, 1, NULL, N'P 베이직페디 3호', 12800, 15, NULL, 122, 0, 393, to_date('05/08/2018', 'MM/DD/RRRR'), 128);

INSERT INTO O_PRODUCT (PDT_ID, CAT_ID, SCAT_ID, PDT_NUMBER, PDT_NAME, PDT_AMOUNT, PDT_DISCOUNT_RATE, PDT_IMG_URL, PDT_COUNT, PDT_REVIEW_COUNT, PDT_SALES_COUNT, PDT_ADDDATE, PDT_VIEWCOUNT) 
VALUES (129, 2, 1, NULL, N'P 베이직페디 4호', 12800, 15, NULL, 123, 0, 401, to_date('05/09/2018', 'MM/DD/RRRR'), 129);

INSERT INTO O_PRODUCT (PDT_ID, CAT_ID, SCAT_ID, PDT_NUMBER, PDT_NAME, PDT_AMOUNT, PDT_DISCOUNT_RATE, PDT_IMG_URL, PDT_COUNT, PDT_REVIEW_COUNT, PDT_SALES_COUNT, PDT_ADDDATE, PDT_VIEWCOUNT) 
VALUES (130, 2, 1, NULL, N'P 디아망 페디', 12800, 15, NULL, 124, 0, 402, to_date('05/10/2018', 'MM/DD/RRRR'), 130);

INSERT INTO O_PRODUCT (PDT_ID, CAT_ID, SCAT_ID, PDT_NUMBER, PDT_NAME, PDT_AMOUNT, PDT_DISCOUNT_RATE, PDT_IMG_URL, PDT_COUNT, PDT_REVIEW_COUNT, PDT_SALES_COUNT, PDT_ADDDATE, PDT_VIEWCOUNT) 
VALUES (131, 2, 1, NULL, N'P 칠리 레드 페디', 12800, 15, NULL, 125, 0, 403, to_date('05/11/2018', 'MM/DD/RRRR'), 131);

INSERT INTO O_PRODUCT (PDT_ID, CAT_ID, SCAT_ID, PDT_NUMBER, PDT_NAME, PDT_AMOUNT, PDT_DISCOUNT_RATE, PDT_IMG_URL, PDT_COUNT, PDT_REVIEW_COUNT, PDT_SALES_COUNT, PDT_ADDDATE, PDT_VIEWCOUNT) 
VALUES (132, 2, 1, NULL, N'P 틴트 버건디 페디', 12800, 15, NULL, 126, 0, 404, to_date('05/12/2018', 'MM/DD/RRRR'), 132);

INSERT INTO O_PRODUCT (PDT_ID, CAT_ID, SCAT_ID, PDT_NUMBER, PDT_NAME, PDT_AMOUNT, PDT_DISCOUNT_RATE, PDT_IMG_URL, PDT_COUNT, PDT_REVIEW_COUNT, PDT_SALES_COUNT, PDT_ADDDATE, PDT_VIEWCOUNT) 
VALUES (133, 2, 1, NULL, N'P 스태리나잇 페디', 12800, 15, NULL, 127, 0, 405, to_date('05/13/2018', 'MM/DD/RRRR'), 133);

INSERT INTO O_PRODUCT (PDT_ID, CAT_ID, SCAT_ID, PDT_NUMBER, PDT_NAME, PDT_AMOUNT, PDT_DISCOUNT_RATE, PDT_IMG_URL, PDT_COUNT, PDT_REVIEW_COUNT, PDT_SALES_COUNT, PDT_ADDDATE, PDT_VIEWCOUNT) 
VALUES (134, 2, 1, NULL, N'P 틴트 블랙 페디', 12800, 20, NULL, 128, 0, 406, to_date('05/14/2018', 'MM/DD/RRRR'), 134);

INSERT INTO O_PRODUCT (PDT_ID, CAT_ID, SCAT_ID, PDT_NUMBER, PDT_NAME, PDT_AMOUNT, PDT_DISCOUNT_RATE, PDT_IMG_URL, PDT_COUNT, PDT_REVIEW_COUNT, PDT_SALES_COUNT, PDT_ADDDATE, PDT_VIEWCOUNT) 
VALUES (135, 2, 1, NULL, N'P 블레이즈 페디', 12800, 20, NULL, 129, 0, 407, to_date('05/15/2018', 'MM/DD/RRRR'), 135);

INSERT INTO O_PRODUCT (PDT_ID, CAT_ID, SCAT_ID, PDT_NUMBER, PDT_NAME, PDT_AMOUNT, PDT_DISCOUNT_RATE, PDT_IMG_URL, PDT_COUNT, PDT_REVIEW_COUNT, PDT_SALES_COUNT, PDT_ADDDATE, PDT_VIEWCOUNT) 
VALUES (136, 2, 1, NULL, N'P 피콕 블루 페디', 12800, NULL, NULL, 0, 0, 408, to_date('05/16/2018', 'MM/DD/RRRR'), 136);

INSERT INTO O_PRODUCT (PDT_ID, CAT_ID, SCAT_ID, PDT_NUMBER, PDT_NAME, PDT_AMOUNT, PDT_DISCOUNT_RATE, PDT_IMG_URL, PDT_COUNT, PDT_REVIEW_COUNT, PDT_SALES_COUNT, PDT_ADDDATE, PDT_VIEWCOUNT) 
VALUES (137, 2, 1, NULL, N'P 코발트 블루 페디', 12800, NULL, NULL, 0, 0, 409, to_date('05/17/2018', 'MM/DD/RRRR'), 137);

INSERT INTO O_PRODUCT (PDT_ID, CAT_ID, SCAT_ID, PDT_NUMBER, PDT_NAME, PDT_AMOUNT, PDT_DISCOUNT_RATE, PDT_IMG_URL, PDT_COUNT, PDT_REVIEW_COUNT, PDT_SALES_COUNT, PDT_ADDDATE, PDT_VIEWCOUNT) 
VALUES (138, 2, 1, NULL, N'P 샌디 페디', 16800, 20, NULL, 200, 0, 410, to_date('05/18/2018', 'MM/DD/RRRR'), 138);

INSERT INTO O_PRODUCT (PDT_ID, CAT_ID, SCAT_ID, PDT_NUMBER, PDT_NAME, PDT_AMOUNT, PDT_DISCOUNT_RATE, PDT_IMG_URL, PDT_COUNT, PDT_REVIEW_COUNT, PDT_SALES_COUNT, PDT_ADDDATE, PDT_VIEWCOUNT) 
VALUES (139, 2, 1, NULL, N'P 릴리 페디', 16800, 15, NULL, 201, 0, 411, to_date('05/19/2018', 'MM/DD/RRRR'), 139);

INSERT INTO O_PRODUCT (PDT_ID, CAT_ID, SCAT_ID, PDT_NUMBER, PDT_NAME, PDT_AMOUNT, PDT_DISCOUNT_RATE, PDT_IMG_URL, PDT_COUNT, PDT_REVIEW_COUNT, PDT_SALES_COUNT, PDT_ADDDATE, PDT_VIEWCOUNT) 
VALUES (140, 2, 1, NULL, N'P 실키 페디', 16800, 20, NULL, 202, 0, 412, to_date('05/20/2018', 'MM/DD/RRRR'), 140);

INSERT INTO O_PRODUCT (PDT_ID, CAT_ID, SCAT_ID, PDT_NUMBER, PDT_NAME, PDT_AMOUNT, PDT_DISCOUNT_RATE, PDT_IMG_URL, PDT_COUNT, PDT_REVIEW_COUNT, PDT_SALES_COUNT, PDT_ADDDATE, PDT_VIEWCOUNT) 
VALUES (141, 2, 1, NULL, N'P 블루 아이스 페디', 16800, 20, NULL, 203, 0, 413, to_date('05/21/2018', 'MM/DD/RRRR'), 141);

INSERT INTO O_PRODUCT (PDT_ID, CAT_ID, SCAT_ID, PDT_NUMBER, PDT_NAME, PDT_AMOUNT, PDT_DISCOUNT_RATE, PDT_IMG_URL, PDT_COUNT, PDT_REVIEW_COUNT, PDT_SALES_COUNT, PDT_ADDDATE, PDT_VIEWCOUNT) 
VALUES (142, 2, 1, NULL, N'P 미뉴에트 페디', 16800, 50, NULL, 204, 0, 414, to_date('05/22/2018', 'MM/DD/RRRR'), 142);

INSERT INTO O_PRODUCT (PDT_ID, CAT_ID, SCAT_ID, PDT_NUMBER, PDT_NAME, PDT_AMOUNT, PDT_DISCOUNT_RATE, PDT_IMG_URL, PDT_COUNT, PDT_REVIEW_COUNT, PDT_SALES_COUNT, PDT_ADDDATE, PDT_VIEWCOUNT) 
VALUES (143, 2, 1, NULL, N'P 아이시 페디', 16800, 40, NULL, 205, 0, 415, to_date('05/23/2018', 'MM/DD/RRRR'), 143);

INSERT INTO O_PRODUCT (PDT_ID, CAT_ID, SCAT_ID, PDT_NUMBER, PDT_NAME, PDT_AMOUNT, PDT_DISCOUNT_RATE, PDT_IMG_URL, PDT_COUNT, PDT_REVIEW_COUNT, PDT_SALES_COUNT, PDT_ADDDATE, PDT_VIEWCOUNT) 
VALUES (144, 2, 1, NULL, N'P 블루 샤크 페디', 14800, 60, NULL, 206, 0, 401, to_date('05/24/2018', 'MM/DD/RRRR'), 144);

INSERT INTO O_PRODUCT (PDT_ID, CAT_ID, SCAT_ID, PDT_NUMBER, PDT_NAME, PDT_AMOUNT, PDT_DISCOUNT_RATE, PDT_IMG_URL, PDT_COUNT, PDT_REVIEW_COUNT, PDT_SALES_COUNT, PDT_ADDDATE, PDT_VIEWCOUNT) 
VALUES (145, 2, 1, NULL, N'P 블루베리 팝 페디', 14800, 40, NULL, 207, 0, 406, to_date('05/25/2018', 'MM/DD/RRRR'), 145);

INSERT INTO O_PRODUCT (PDT_ID, CAT_ID, SCAT_ID, PDT_NUMBER, PDT_NAME, PDT_AMOUNT, PDT_DISCOUNT_RATE, PDT_IMG_URL, PDT_COUNT, PDT_REVIEW_COUNT, PDT_SALES_COUNT, PDT_ADDDATE, PDT_VIEWCOUNT) 
VALUES (146, 2, 1, NULL, N'P 베이직 무드 페디', 14800, 20, NULL, 208, 0, 411, to_date('05/26/2018', 'MM/DD/RRRR'), 146);

INSERT INTO O_PRODUCT (PDT_ID, CAT_ID, SCAT_ID, PDT_NUMBER, PDT_NAME, PDT_AMOUNT, PDT_DISCOUNT_RATE, PDT_IMG_URL, PDT_COUNT, PDT_REVIEW_COUNT, PDT_SALES_COUNT, PDT_ADDDATE, PDT_VIEWCOUNT) 
VALUES (147, 2, 1, NULL, N'P 마블 소다 페디', 14800, 20, NULL, 209, 0, 416, to_date('05/27/2018', 'MM/DD/RRRR'), 147);

INSERT INTO O_PRODUCT (PDT_ID, CAT_ID, SCAT_ID, PDT_NUMBER, PDT_NAME, PDT_AMOUNT, PDT_DISCOUNT_RATE, PDT_IMG_URL, PDT_COUNT, PDT_REVIEW_COUNT, PDT_SALES_COUNT, PDT_ADDDATE, PDT_VIEWCOUNT) 
VALUES (148, 2, 1, NULL, N'P 라임에이드 페디', 14800, 40, NULL, 210, 0, 421, to_date('05/28/2018', 'MM/DD/RRRR'), 148);

INSERT INTO O_PRODUCT (PDT_ID, CAT_ID, SCAT_ID, PDT_NUMBER, PDT_NAME, PDT_AMOUNT, PDT_DISCOUNT_RATE, PDT_IMG_URL, PDT_COUNT, PDT_REVIEW_COUNT, PDT_SALES_COUNT, PDT_ADDDATE, PDT_VIEWCOUNT) 
VALUES (149, 2, 1, NULL, N'P 앰버 페디', 14800, 20, NULL, 211, 0, 426, to_date('05/29/2018', 'MM/DD/RRRR'), 149);

INSERT INTO O_PRODUCT (PDT_ID, CAT_ID, SCAT_ID, PDT_NUMBER, PDT_NAME, PDT_AMOUNT, PDT_DISCOUNT_RATE, PDT_IMG_URL, PDT_COUNT, PDT_REVIEW_COUNT, PDT_SALES_COUNT, PDT_ADDDATE, PDT_VIEWCOUNT) 
VALUES (150, 2, 1, NULL, N'P 체크메이트 페디', 14800, 20, NULL, 212, 0, 431, to_date('05/30/2018', 'MM/DD/RRRR'), 150);

INSERT INTO O_PRODUCT (PDT_ID, CAT_ID, SCAT_ID, PDT_NUMBER, PDT_NAME, PDT_AMOUNT, PDT_DISCOUNT_RATE, PDT_IMG_URL, PDT_COUNT, PDT_REVIEW_COUNT, PDT_SALES_COUNT, PDT_ADDDATE, PDT_VIEWCOUNT) 
VALUES (151, 2, 1, NULL, N'P 나이트 버드 페디', 14800, 40, NULL, 213, 0, 436, to_date('05/31/2018', 'MM/DD/RRRR'), 151);

INSERT INTO O_PRODUCT (PDT_ID, CAT_ID, SCAT_ID, PDT_NUMBER, PDT_NAME, PDT_AMOUNT, PDT_DISCOUNT_RATE, PDT_IMG_URL, PDT_COUNT, PDT_REVIEW_COUNT, PDT_SALES_COUNT, PDT_ADDDATE, PDT_VIEWCOUNT) 
VALUES (152, 2, 1, NULL, N'P 비포 선셋 페디', 14800, 20, NULL, 214, 0, 441, to_date('06/01/2018', 'MM/DD/RRRR'), 152);

INSERT INTO O_PRODUCT (PDT_ID, CAT_ID, SCAT_ID, PDT_NUMBER, PDT_NAME, PDT_AMOUNT, PDT_DISCOUNT_RATE, PDT_IMG_URL, PDT_COUNT, PDT_REVIEW_COUNT, PDT_SALES_COUNT, PDT_ADDDATE, PDT_VIEWCOUNT) 
VALUES (153, 2, 1, NULL, N'P 오키드 페디', 14800, 50, NULL, 215, 0, 446, to_date('06/02/2018', 'MM/DD/RRRR'), 153);

INSERT INTO O_PRODUCT (PDT_ID, CAT_ID, SCAT_ID, PDT_NUMBER, PDT_NAME, PDT_AMOUNT, PDT_DISCOUNT_RATE, PDT_IMG_URL, PDT_COUNT, PDT_REVIEW_COUNT, PDT_SALES_COUNT, PDT_ADDDATE, PDT_VIEWCOUNT) 
VALUES (154, 2, 1, NULL, N'P 노마드 페디', 14800, 40, NULL, 216, 0, 451, to_date('06/03/2018', 'MM/DD/RRRR'), 154);

INSERT INTO O_PRODUCT (PDT_ID, CAT_ID, SCAT_ID, PDT_NUMBER, PDT_NAME, PDT_AMOUNT, PDT_DISCOUNT_RATE, PDT_IMG_URL, PDT_COUNT, PDT_REVIEW_COUNT, PDT_SALES_COUNT, PDT_ADDDATE, PDT_VIEWCOUNT) 
VALUES (155, 2, 1, NULL, N'P 오렌지 블라썸 페디', 14800, 40, NULL, 217, 0, 456, to_date('06/04/2018', 'MM/DD/RRRR'), 155);

INSERT INTO O_PRODUCT (PDT_ID, CAT_ID, SCAT_ID, PDT_NUMBER, PDT_NAME, PDT_AMOUNT, PDT_DISCOUNT_RATE, PDT_IMG_URL, PDT_COUNT, PDT_REVIEW_COUNT, PDT_SALES_COUNT, PDT_ADDDATE, PDT_VIEWCOUNT) 
VALUES (156, 2, 1, NULL, N'P 크런치 페디', 14800, 40, NULL, 218, 0, 461, to_date('06/05/2018', 'MM/DD/RRRR'), 156);

INSERT INTO O_PRODUCT (PDT_ID, CAT_ID, SCAT_ID, PDT_NUMBER, PDT_NAME, PDT_AMOUNT, PDT_DISCOUNT_RATE, PDT_IMG_URL, PDT_COUNT, PDT_REVIEW_COUNT, PDT_SALES_COUNT, PDT_ADDDATE, PDT_VIEWCOUNT) 
VALUES (157, 2, 1, NULL, N'P 베수비오 페디', 14800, 40, NULL, 219, 0, 466, to_date('06/06/2018', 'MM/DD/RRRR'), 157);

INSERT INTO O_PRODUCT (PDT_ID, CAT_ID, SCAT_ID, PDT_NUMBER, PDT_NAME, PDT_AMOUNT, PDT_DISCOUNT_RATE, PDT_IMG_URL, PDT_COUNT, PDT_REVIEW_COUNT, PDT_SALES_COUNT, PDT_ADDDATE, PDT_VIEWCOUNT) 
VALUES (158, 2, 1, NULL, N'P 크레시다 페디', 16800, 20, NULL, 220, 0, 471, to_date('06/07/2018', 'MM/DD/RRRR'), 158);

INSERT INTO O_PRODUCT (PDT_ID, CAT_ID, SCAT_ID, PDT_NUMBER, PDT_NAME, PDT_AMOUNT, PDT_DISCOUNT_RATE, PDT_IMG_URL, PDT_COUNT, PDT_REVIEW_COUNT, PDT_SALES_COUNT, PDT_ADDDATE, PDT_VIEWCOUNT) 
VALUES (159, 2, 1, NULL, N'P 체리 크러쉬 페디', 14800, NULL, NULL, 0, 0, 476, to_date('06/08/2018', 'MM/DD/RRRR'), 159);

INSERT INTO O_PRODUCT (PDT_ID, CAT_ID, SCAT_ID, PDT_NUMBER, PDT_NAME, PDT_AMOUNT, PDT_DISCOUNT_RATE, PDT_IMG_URL, PDT_COUNT, PDT_REVIEW_COUNT, PDT_SALES_COUNT, PDT_ADDDATE, PDT_VIEWCOUNT) 
VALUES (160, 2, 1, NULL, N'P 뷰 페디', 14800, NULL, NULL, 0, 0, 481, to_date('06/09/2018', 'MM/DD/RRRR'), 160);

INSERT INTO O_PRODUCT (PDT_ID, CAT_ID, SCAT_ID, PDT_NUMBER, PDT_NAME, PDT_AMOUNT, PDT_DISCOUNT_RATE, PDT_IMG_URL, PDT_COUNT, PDT_REVIEW_COUNT, PDT_SALES_COUNT, PDT_ADDDATE, PDT_VIEWCOUNT) 
VALUES (161, 2, 1, NULL, N'P 빅 스마일 페디', 14800, NULL, NULL, 0, 0, 486, to_date('06/10/2018', 'MM/DD/RRRR'), 161);

INSERT INTO O_PRODUCT (PDT_ID, CAT_ID, SCAT_ID, PDT_NUMBER, PDT_NAME, PDT_AMOUNT, PDT_DISCOUNT_RATE, PDT_IMG_URL, PDT_COUNT, PDT_REVIEW_COUNT, PDT_SALES_COUNT, PDT_ADDDATE, PDT_VIEWCOUNT) 
VALUES (162, 2, 1, NULL, N'P 라임 주스 페디', 15800, NULL, NULL, 0, 0, 491, to_date('06/11/2018', 'MM/DD/RRRR'), 162);

INSERT INTO O_PRODUCT (PDT_ID, CAT_ID, SCAT_ID, PDT_NUMBER, PDT_NAME, PDT_AMOUNT, PDT_DISCOUNT_RATE, PDT_IMG_URL, PDT_COUNT, PDT_REVIEW_COUNT, PDT_SALES_COUNT, PDT_ADDDATE, PDT_VIEWCOUNT) 
VALUES (163, 3, NULL, NULL, N'젤램프', 18000, NULL, NULL, 300, 0, 496, to_date('06/12/2018', 'MM/DD/RRRR'), 163);

INSERT INTO O_PRODUCT (PDT_ID, CAT_ID, SCAT_ID, PDT_NUMBER, PDT_NAME, PDT_AMOUNT, PDT_DISCOUNT_RATE, PDT_IMG_URL, PDT_COUNT, PDT_REVIEW_COUNT, PDT_SALES_COUNT, PDT_ADDDATE, PDT_VIEWCOUNT) 
VALUES (164, 3, NULL, NULL, N'프로 포터블 젤램프', 54000, NULL, NULL, 301, 0, 501, to_date('06/13/2018', 'MM/DD/RRRR'), 164);

INSERT INTO O_PRODUCT (PDT_ID, CAT_ID, SCAT_ID, PDT_NUMBER, PDT_NAME, PDT_AMOUNT, PDT_DISCOUNT_RATE, PDT_IMG_URL, PDT_COUNT, PDT_REVIEW_COUNT, PDT_SALES_COUNT, PDT_ADDDATE, PDT_VIEWCOUNT) 
VALUES (165, 3, NULL, NULL, N'프로 젤램프', 21000, NULL, NULL, 302, 0, 506, to_date('06/14/2018', 'MM/DD/RRRR'), 165);

INSERT INTO O_PRODUCT (PDT_ID, CAT_ID, SCAT_ID, PDT_NUMBER, PDT_NAME, PDT_AMOUNT, PDT_DISCOUNT_RATE, PDT_IMG_URL, PDT_COUNT, PDT_REVIEW_COUNT, PDT_SALES_COUNT, PDT_ADDDATE, PDT_VIEWCOUNT) 
VALUES (166, 3, NULL, 3, N'기프트백', 2500, NULL, NULL, 303, 0, 511, to_date('06/15/2018', 'MM/DD/RRRR'), 166);

INSERT INTO O_PRODUCT (PDT_ID, CAT_ID, SCAT_ID, PDT_NUMBER, PDT_NAME, PDT_AMOUNT, PDT_DISCOUNT_RATE, PDT_IMG_URL, PDT_COUNT, PDT_REVIEW_COUNT, PDT_SALES_COUNT, PDT_ADDDATE, PDT_VIEWCOUNT) 
VALUES (167, 3, NULL, NULL, N'프로 포인트 젤램프', 3300, NULL, NULL, 304, 0, 600, to_date('06/16/2018', 'MM/DD/RRRR'), 167);

INSERT INTO O_PRODUCT (PDT_ID, CAT_ID, SCAT_ID, PDT_NUMBER, PDT_NAME, PDT_AMOUNT, PDT_DISCOUNT_RATE, PDT_IMG_URL, PDT_COUNT, PDT_REVIEW_COUNT, PDT_SALES_COUNT, PDT_ADDDATE, PDT_VIEWCOUNT) 
VALUES (168, 3, NULL, 3, N'토우 세퍼레이터 2종', 15000, 8, NULL, 305, 0, 123, to_date('06/17/2018', 'MM/DD/RRRR'), 168);

INSERT INTO O_PRODUCT (PDT_ID, CAT_ID, SCAT_ID, PDT_NUMBER, PDT_NAME, PDT_AMOUNT, PDT_DISCOUNT_RATE, PDT_IMG_URL, PDT_COUNT, PDT_REVIEW_COUNT, PDT_SALES_COUNT, PDT_ADDDATE, PDT_VIEWCOUNT) 
VALUES (169, 3, NULL, NULL, N'프로 이지 리무버', 12800, 20, NULL, 306, 0, 124, to_date('06/18/2018', 'MM/DD/RRRR'), 169);

INSERT INTO O_PRODUCT (PDT_ID, CAT_ID, SCAT_ID, PDT_NUMBER, PDT_NAME, PDT_AMOUNT, PDT_DISCOUNT_RATE, PDT_IMG_URL, PDT_COUNT, PDT_REVIEW_COUNT, PDT_SALES_COUNT, PDT_ADDDATE, PDT_VIEWCOUNT) 
VALUES (170, 3, NULL, NULL, N'프로 글로시 탑젤', 19800, 20, NULL, 307, 0, 125, to_date('06/19/2018', 'MM/DD/RRRR'), 170);

INSERT INTO O_PRODUCT (PDT_ID, CAT_ID, SCAT_ID, PDT_NUMBER, PDT_NAME, PDT_AMOUNT, PDT_DISCOUNT_RATE, PDT_IMG_URL, PDT_COUNT, PDT_REVIEW_COUNT, PDT_SALES_COUNT, PDT_ADDDATE, PDT_VIEWCOUNT) 
VALUES (171, 3, NULL, NULL, N'프로 너리싱 네일 오일', 16000, 20, NULL, 308, 0, 126, to_date('06/20/2018', 'MM/DD/RRRR'), 171);

INSERT INTO O_PRODUCT (PDT_ID, CAT_ID, SCAT_ID, PDT_NUMBER, PDT_NAME, PDT_AMOUNT, PDT_DISCOUNT_RATE, PDT_IMG_URL, PDT_COUNT, PDT_REVIEW_COUNT, PDT_SALES_COUNT, PDT_ADDDATE, PDT_VIEWCOUNT) 
VALUES (172, 3, NULL, NULL, N'프로 네일 강화제', 19800, 20, NULL, 309, 0, 127, to_date('06/21/2018', 'MM/DD/RRRR'), 172);

INSERT INTO O_PRODUCT (PDT_ID, CAT_ID, SCAT_ID, PDT_NUMBER, PDT_NAME, PDT_AMOUNT, PDT_DISCOUNT_RATE, PDT_IMG_URL, PDT_COUNT, PDT_REVIEW_COUNT, PDT_SALES_COUNT, PDT_ADDDATE, PDT_VIEWCOUNT) 
VALUES (173, 3, NULL, NULL, N'프로 이지 듀얼 스틱', 19800, 20, NULL, 310, 0, 128, to_date('06/22/2018', 'MM/DD/RRRR'), 173);

INSERT INTO O_PRODUCT (PDT_ID, CAT_ID, SCAT_ID, PDT_NUMBER, PDT_NAME, PDT_AMOUNT, PDT_DISCOUNT_RATE, PDT_IMG_URL, PDT_COUNT, PDT_REVIEW_COUNT, PDT_SALES_COUNT, PDT_ADDDATE, PDT_VIEWCOUNT) 
VALUES (174, 3, NULL, NULL, N'프로 네일 프라이머 플러스', 14800, 20, NULL, 311, 0, 129, to_date('06/23/2018', 'MM/DD/RRRR'), 174);

INSERT INTO O_PRODUCT (PDT_ID, CAT_ID, SCAT_ID, PDT_NUMBER, PDT_NAME, PDT_AMOUNT, PDT_DISCOUNT_RATE, PDT_IMG_URL, PDT_COUNT, PDT_REVIEW_COUNT, PDT_SALES_COUNT, PDT_ADDDATE, PDT_VIEWCOUNT) 
VALUES (175, 3, NULL, NULL, N'프로 루즈스킨 리무버', 10800, 20, NULL, 312, 0, 130, to_date('06/24/2018', 'MM/DD/RRRR'), 175);

INSERT INTO O_PRODUCT (PDT_ID, CAT_ID, SCAT_ID, PDT_NUMBER, PDT_NAME, PDT_AMOUNT, PDT_DISCOUNT_RATE, PDT_IMG_URL, PDT_COUNT, PDT_REVIEW_COUNT, PDT_SALES_COUNT, PDT_ADDDATE, PDT_VIEWCOUNT) 
VALUES (176, 3, NULL, NULL, N'오호라 보관함 네일 포켓(리필용)', 4800, 20, NULL, 313, 0, 131, to_date('06/25/2018', 'MM/DD/RRRR'), 176);

INSERT INTO O_PRODUCT (PDT_ID, CAT_ID, SCAT_ID, PDT_NUMBER, PDT_NAME, PDT_AMOUNT, PDT_DISCOUNT_RATE, PDT_IMG_URL, PDT_COUNT, PDT_REVIEW_COUNT, PDT_SALES_COUNT, PDT_ADDDATE, PDT_VIEWCOUNT) 
VALUES (177, 3, NULL, NULL, N'프렙패드', 5800, 30, NULL, 314, 0, 132, to_date('06/26/2018', 'MM/DD/RRRR'), 177);

INSERT INTO O_PRODUCT (PDT_ID, CAT_ID, SCAT_ID, PDT_NUMBER, PDT_NAME, PDT_AMOUNT, PDT_DISCOUNT_RATE, PDT_IMG_URL, PDT_COUNT, PDT_REVIEW_COUNT, PDT_SALES_COUNT, PDT_ADDDATE, PDT_VIEWCOUNT) 
VALUES (178, 3, NULL, 4, N'프로 워셔블 네일 파일', 5800, 30, NULL, 315, 0, 133, to_date('06/27/2018', 'MM/DD/RRRR'), 178);

INSERT INTO O_PRODUCT (PDT_ID, CAT_ID, SCAT_ID, PDT_NUMBER, PDT_NAME, PDT_AMOUNT, PDT_DISCOUNT_RATE, PDT_IMG_URL, PDT_COUNT, PDT_REVIEW_COUNT, PDT_SALES_COUNT, PDT_ADDDATE, PDT_VIEWCOUNT) 
VALUES (179, 3, NULL, NULL, N'손상 개선 SET(리무버+강화제)', 32600, 35, NULL, 316, 0, 134, to_date('06/28/2018', 'MM/DD/RRRR'), 179);

INSERT INTO O_PRODUCT (PDT_ID, CAT_ID, SCAT_ID, PDT_NUMBER, PDT_NAME, PDT_AMOUNT, PDT_DISCOUNT_RATE, PDT_IMG_URL, PDT_COUNT, PDT_REVIEW_COUNT, PDT_SALES_COUNT, PDT_ADDDATE, PDT_VIEWCOUNT) 
VALUES (180, 3, NULL, NULL, N'광택 유지 SET(탑젤+강회제)', 39600, 35, NULL, 317, 0, 135, to_date('06/29/2018', 'MM/DD/RRRR'), 180);

INSERT INTO O_PRODUCT (PDT_ID, CAT_ID, SCAT_ID, PDT_NUMBER, PDT_NAME, PDT_AMOUNT, PDT_DISCOUNT_RATE, PDT_IMG_URL, PDT_COUNT, PDT_REVIEW_COUNT, PDT_SALES_COUNT, PDT_ADDDATE, PDT_VIEWCOUNT) 
VALUES (181, 3, NULL, NULL, N'유지력 강화 SET(탑젤+프라이머)', 34600, 35, NULL, 318, 0, 136, to_date('06/30/2018', 'MM/DD/RRRR'), 181);

INSERT INTO O_PRODUCT (PDT_ID, CAT_ID, SCAT_ID, PDT_NUMBER, PDT_NAME, PDT_AMOUNT, PDT_DISCOUNT_RATE, PDT_IMG_URL, PDT_COUNT, PDT_REVIEW_COUNT, PDT_SALES_COUNT, PDT_ADDDATE, PDT_VIEWCOUNT) 
VALUES (182, 3, NULL, NULL, N'올인원 SET(탑젤+리무버+강화제)', 52400, 40, NULL, 319, 0, 137, to_date('07/01/2018', 'MM/DD/RRRR'), 182);


INSERT INTO O_PDTOPTION (OPT_ID, PDT_ID, OPT_NAME, OPT_AMOUNT) 
VALUES (1, 178, N'프로 워셔블 소프트 파일', NULL);

INSERT INTO O_PDTOPTION (OPT_ID, PDT_ID, OPT_NAME, OPT_AMOUNT) 
VALUES (2, 178, N'프로 워셔블 네일 파일', NULL);

INSERT INTO O_PDTOPTION (OPT_ID, PDT_ID, OPT_NAME, OPT_AMOUNT) 
VALUES (3, 178, N'프로 워셔블 사이드 파일', NULL);

SET DEFINE OFF;
INSERT INTO O_PDTOPTION (OPT_ID, PDT_ID, OPT_NAME, OPT_AMOUNT) 
VALUES (4, 178, N'프로 워셔블 버퍼&샤이너', -1000);

INSERT INTO O_PDTOPTION (OPT_ID, PDT_ID, OPT_NAME, OPT_AMOUNT) 
VALUES (5, 168, N'샌드 리플', NULL);

INSERT INTO O_PDTOPTION (OPT_ID, PDT_ID, OPT_NAME, OPT_AMOUNT) 
VALUES (6, 168, N'플로렌스', NULL);

INSERT INTO O_PDTOPTION (OPT_ID, PDT_ID, OPT_NAME, OPT_AMOUNT) 
VALUES (7, 168, N'[23%] 2종 SET', 11000);

INSERT INTO O_PDTOPTION (OPT_ID, PDT_ID, OPT_NAME, OPT_AMOUNT) 
VALUES (8, 166, N'S', NULL);

INSERT INTO O_PDTOPTION (OPT_ID, PDT_ID, OPT_NAME, OPT_AMOUNT) 
VALUES (9, 166, N'M', 500);

INSERT INTO O_PDTOPTION (OPT_ID, PDT_ID, OPT_NAME, OPT_AMOUNT) 
VALUES (10, 166, N'L', 1000);

--중간테이블 부분
INSERT INTO O_PDTCOLOR (PDT_ID, COLOR_ID) 
VALUES (1, 1);

INSERT INTO O_PDTCOLOR (PDT_ID, COLOR_ID) 
VALUES (2, 11);

INSERT INTO O_PDTCOLOR (PDT_ID, COLOR_ID) 
VALUES (3, 1);

INSERT INTO O_PDTCOLOR (PDT_ID, COLOR_ID) 
VALUES (4, 2);

INSERT INTO O_PDTCOLOR (PDT_ID, COLOR_ID) 
VALUES (5, 5);

INSERT INTO O_PDTCOLOR (PDT_ID, COLOR_ID) 
VALUES (5, 14);

INSERT INTO O_PDTCOLOR (PDT_ID, COLOR_ID) 
VALUES (6, 1);

INSERT INTO O_PDTCOLOR (PDT_ID, COLOR_ID) 
VALUES (6, 5);

INSERT INTO O_PDTCOLOR (PDT_ID, COLOR_ID) 
VALUES (6, 12);

INSERT INTO O_PDTCOLOR (PDT_ID, COLOR_ID) 
VALUES (7, 1);

INSERT INTO O_PDTCOLOR (PDT_ID, COLOR_ID) 
VALUES (8, 11);

INSERT INTO O_PDTCOLOR (PDT_ID, COLOR_ID) 
VALUES (8, 12);

INSERT INTO O_PDTCOLOR (PDT_ID, COLOR_ID) 
VALUES (9, 4);

INSERT INTO O_PDTCOLOR (PDT_ID, COLOR_ID) 
VALUES (10, 1);



INSERT INTO O_PDTDESIGN (PDT_ID, DESIGN_ID) 
VALUES (1, 1);

INSERT INTO O_PDTDESIGN (PDT_ID, DESIGN_ID) 
VALUES (1, 6);

INSERT INTO O_PDTDESIGN (PDT_ID, DESIGN_ID) 
VALUES (2, 1);

INSERT INTO O_PDTDESIGN (PDT_ID, DESIGN_ID) 
VALUES (3, 1);

INSERT INTO O_PDTDESIGN (PDT_ID, DESIGN_ID) 
VALUES (3, 6);

INSERT INTO O_PDTDESIGN (PDT_ID, DESIGN_ID) 
VALUES (4, 1);

INSERT INTO O_PDTDESIGN (PDT_ID, DESIGN_ID) 
VALUES (5, 1);

INSERT INTO O_PDTDESIGN (PDT_ID, DESIGN_ID) 
VALUES (5, 6);

INSERT INTO O_PDTDESIGN (PDT_ID, DESIGN_ID) 
VALUES (5, 10);

INSERT INTO O_PDTDESIGN (PDT_ID, DESIGN_ID) 
VALUES (6, 1);

INSERT INTO O_PDTDESIGN (PDT_ID, DESIGN_ID) 
VALUES (7, 1);

INSERT INTO O_PDTDESIGN (PDT_ID, DESIGN_ID) 
VALUES (7, 3);

INSERT INTO O_PDTDESIGN (PDT_ID, DESIGN_ID) 
VALUES (8, 1);

INSERT INTO O_PDTDESIGN (PDT_ID, DESIGN_ID) 
VALUES (9, 1);

INSERT INTO O_PDTDESIGN (PDT_ID, DESIGN_ID) 
VALUES (10, 1);

INSERT INTO O_PDTDESIGN (PDT_ID, DESIGN_ID) 
VALUES (10, 3);



INSERT INTO O_PDTLINEUP (PDT_ID, LINEUP_ID) 
VALUES (1, 3);

INSERT INTO O_PDTLINEUP (PDT_ID, LINEUP_ID) 
VALUES (5, 3);

INSERT INTO O_PDTLINEUP (PDT_ID, LINEUP_ID) 
VALUES (7, 2);

INSERT INTO O_PDTLINEUP (PDT_ID, LINEUP_ID) 
VALUES (9, 2);

INSERT INTO O_PDTLINEUP (PDT_ID, LINEUP_ID) 
VALUES (10, 3);






INSERT INTO O_AUTH (AUTH_ID, AUTH_NAME) VALUES (1, '관리자');
INSERT INTO O_AUTH (AUTH_ID, AUTH_NAME) VALUES (2, '일반');

INSERT INTO o_user (user_id, mem_id, AUTH_ID, USER_LOGIN_ID, USER_PASSWORD, USER_NAME, USER_EMAIL, USER_TEL, USER_BIRTH, USER_POINT, USER_SNSAGREE, USER_JOINDATE)
            VALUES (1001, 1, 1, 'ssit0001', 'yong1234', '김덕춘', 'ssit0001@gmail.com', '010-1234-5678',     '1990-01-01',   0, 'Y', SYSDATE);
INSERT INTO o_user (user_id, mem_id, AUTH_ID, USER_LOGIN_ID, USER_PASSWORD, USER_NAME, USER_EMAIL, USER_TEL, USER_BIRTH, USER_POINT, USER_SNSAGREE, USER_JOINDATE)
            VALUES (1002, 2, 2, 'ssit0002'	,'yong1235','김상배', 'ssit0002@naver.com',	'010-2345-7895',	'1991-02-02', 527, 'N', SYSDATE);
INSERT INTO o_user (user_id, mem_id, AUTH_ID, USER_LOGIN_ID, USER_PASSWORD, USER_NAME, USER_EMAIL, USER_TEL, USER_BIRTH, USER_POINT, USER_SNSAGREE, USER_JOINDATE)
            VALUES (1003, 1, 2, 'ssit0003',	'yong1236',	'이상만', 'ssit0003@daum.net',	'010-7842-4562',	'1993-03-03',	0,	'N', SYSDATE);
INSERT INTO o_user (user_id, mem_id, AUTH_ID, USER_LOGIN_ID, USER_PASSWORD, USER_NAME, USER_EMAIL, USER_TEL, USER_BIRTH, USER_POINT, USER_SNSAGREE, USER_JOINDATE)
            VALUES (1004, 1, 2, 'ssit0004',	'yong1237',	'곽만식', 'ssit0004@gmail.com',	'010-3548-6183',	'1998-03-26',	0,	'Y'	, SYSDATE);
INSERT INTO o_user (user_id, mem_id, AUTH_ID, USER_LOGIN_ID, USER_PASSWORD, USER_NAME, USER_EMAIL, USER_TEL, USER_BIRTH, USER_POINT, USER_SNSAGREE, USER_JOINDATE)
            VALUES (1005, 3, 2, 'ssit0005',	'yong1238',	'주윤발', 'ssit0005@naver.com',	'010-3497-3698',	'2000-01-09', 158, 'N'	, SYSDATE);
INSERT INTO o_user (user_id, mem_id, AUTH_ID, USER_LOGIN_ID, USER_PASSWORD, USER_NAME, USER_EMAIL, USER_TEL, USER_BIRTH, USER_POINT, USER_SNSAGREE, USER_JOINDATE)
            VALUES (1006, 3, 2, 'ssit0006',	'yong1239',	'김나라', 'ssit0006@nate.com',	'010-4152-3694',	'2001-08-09',	344, 'N', SYSDATE);
INSERT INTO o_user (user_id, mem_id, AUTH_ID, USER_LOGIN_ID, USER_PASSWORD, USER_NAME, USER_EMAIL, USER_TEL, USER_BIRTH, USER_POINT, USER_SNSAGREE, USER_JOINDATE)
            VALUES (1007, 1, 2, 'ssit0007',	'yong1240',	'김꽉꽉', 'ssit0007@naver.com',	'010-5574-3478',	'2002-11-17',	0,	'N'	, SYSDATE);
INSERT INTO o_user (user_id, mem_id, AUTH_ID, USER_LOGIN_ID, USER_PASSWORD, USER_NAME, USER_EMAIL, USER_TEL, USER_BIRTH, USER_POINT, USER_SNSAGREE, USER_JOINDATE)
            VALUES (1008, 1, 2, 'ssit0008',	'yong1241',	'최망나니', 'ssit0008@naver.com',	'010-1111-2222',	'2003-12-14',	0,	'Y'	, SYSDATE);
INSERT INTO o_user (user_id, mem_id, AUTH_ID, USER_LOGIN_ID, USER_PASSWORD, USER_NAME, USER_EMAIL, USER_TEL, USER_BIRTH, USER_POINT, USER_SNSAGREE, USER_JOINDATE)
            VALUES (1009, 2, 2, 'ssit0009',	'yong1242',	'하남자', 'ssit0009@gmail.com',	'010-3333-4444',	'2004-06-13',	721,'N'	, SYSDATE);
INSERT INTO o_user (user_id, mem_id, AUTH_ID, USER_LOGIN_ID, USER_PASSWORD, USER_NAME, USER_EMAIL, USER_TEL, USER_BIRTH, USER_POINT, USER_SNSAGREE, USER_JOINDATE)
            VALUES (1010, 2, 2, 'ssit0010',	'yong1243',	'상남자', 'ssit0010@gmail.com',	'010-7788-8899',	'1997-04-22',	423,'Y'	, SYSDATE);
INSERT INTO o_user (user_id, mem_id, AUTH_ID, USER_LOGIN_ID, USER_PASSWORD, USER_NAME, USER_EMAIL, USER_TEL, USER_BIRTH, USER_POINT, USER_SNSAGREE, USER_JOINDATE)
            VALUES (1011, 2, 2, 'ssit0011',	'yong1244',	'원충희', 'ssit0011@daum.net',	'010-6677-6622',	'2010-10-08',	721,'Y'	, SYSDATE);
INSERT INTO o_user (user_id, mem_id, AUTH_ID, USER_LOGIN_ID, USER_PASSWORD, USER_NAME, USER_EMAIL, USER_TEL, USER_BIRTH, USER_POINT, USER_SNSAGREE, USER_JOINDATE)
            VALUES (1012, 2, 2,	'ssit0012',	'yong1245',	'이시훈', 'ssit0012@kakao.com',	'010-3344-7456',	'2007-05-12',	1257, 'N', SYSDATE	);
INSERT INTO o_user (user_id, mem_id, AUTH_ID, USER_LOGIN_ID, USER_PASSWORD, USER_NAME, USER_EMAIL, USER_TEL, USER_BIRTH, USER_POINT, USER_SNSAGREE, USER_JOINDATE)
            VALUES (1013, 1, 2,	'ssit0013',	'yong1246',	'전재윤', 'ssit0013@kakao.com',	'010-1999-9991',	'2005-06-11',	0,	'N', SYSDATE	);
INSERT INTO o_user (user_id, mem_id, AUTH_ID, USER_LOGIN_ID, USER_PASSWORD, USER_NAME, USER_EMAIL, USER_TEL, USER_BIRTH, USER_POINT, USER_SNSAGREE, USER_JOINDATE)
            VALUES (1014, 1, 2,	'ssit0014',	'yong1247',	'송세호', 'ssit0014@naver.com',	'010-1998-3369',	'1999-10-20',	306, 'Y', SYSDATE	);
INSERT INTO o_user (user_id, mem_id, AUTH_ID, USER_LOGIN_ID, USER_PASSWORD, USER_NAME, USER_EMAIL, USER_TEL, USER_BIRTH, USER_POINT, USER_SNSAGREE, USER_JOINDATE)
            VALUES (1015, 1, 2,	'ssit0015',	'yong1248',	'김선우', 'ssit0015@naver.com',	'010-1147-2258',	'1996-05-01',	0,	'N'	, SYSDATE);
INSERT INTO o_user (user_id, mem_id, AUTH_ID, USER_LOGIN_ID, USER_PASSWORD, USER_NAME, USER_EMAIL, USER_TEL, USER_BIRTH, USER_POINT, USER_SNSAGREE, USER_JOINDATE)
            VALUES (1016, 3, 2,	'ssit0016',	'yong1249',	'김재민', 'ssit0016@gmail.com',	'010-3361-8846',	'2000-01-14',	2371, 'N'	, SYSDATE);
INSERT INTO o_user (user_id, mem_id, AUTH_ID, USER_LOGIN_ID, USER_PASSWORD, USER_NAME, USER_EMAIL, USER_TEL, USER_BIRTH, USER_POINT, USER_SNSAGREE, USER_JOINDATE)
            VALUES (1017, 3, 2,	'ssit0017',	'yong1250',	'김준석', 'ssit0017@gmail.com',	'010-7896-1656',	'2003-07-16',	7321, 'Y'	, SYSDATE);
INSERT INTO o_user (user_id, mem_id, AUTH_ID, USER_LOGIN_ID, USER_PASSWORD, USER_NAME, USER_EMAIL, USER_TEL, USER_BIRTH, USER_POINT, USER_SNSAGREE, USER_JOINDATE)
            VALUES (1018, 1, 2,	'ssit0018',	'yong1251',	'박준용', 'ssit0018@naver.com',	'010-5610-5641',	'1989-09-09',	0,	'N'	, SYSDATE);
INSERT INTO o_user (user_id, mem_id, AUTH_ID, USER_LOGIN_ID, USER_PASSWORD, USER_NAME, USER_EMAIL, USER_TEL, USER_BIRTH, USER_POINT, USER_SNSAGREE, USER_JOINDATE)
            VALUES (1019, 1, 2,	'ssit0019',	'yong1252',	'최사랑', 'ssit0019@naver.com',	'010-9874-4635',	'2006-11-11',	182, 'Y'	, SYSDATE);
INSERT INTO o_user (user_id, mem_id, AUTH_ID, USER_LOGIN_ID, USER_PASSWORD, USER_NAME, USER_EMAIL, USER_TEL, USER_BIRTH, USER_POINT, USER_SNSAGREE, USER_JOINDATE)
            VALUES (1020, 2, 2,	'ssit0020',	'yong1253',	'김인경', 'ssit0020@daum.net',	'010-5461-8615',	'2002-07-30',	5361, 'N'	, SYSDATE);

INSERT INTO O_COUPON (CPN_ID, CPN_INFO, CPN_DISCOUNT_TYPE, CPN_DISCOUNT_RATE, CPN_MAX_AMOUNT, CPN_CON_TYPE, CPN_CON_VALUE, CPN_APPLY, CPN_STARTDATE, CPN_ENDDATE)
VALUES (1, '[웰컴 쿠폰] 신규 회원 무료배송(2만원 이상 구매 시)', 'P', 100, 6000, 'AMOUNT', 20000, 'D', '2024-08-01', '2024-08-31' ); 
INSERT INTO O_COUPON (CPN_ID, CPN_INFO, CPN_DISCOUNT_TYPE, CPN_DISCOUNT_RATE, CPN_MAX_AMOUNT, CPN_CON_TYPE, CPN_CON_VALUE, CPN_APPLY, CPN_STARTDATE, CPN_ENDDATE)
VALUES (2, '전 품목 20% 할인 최대 10,000원', 'P', 20, 10000, 'ALL', 0, 'P', '2024-08-01', '2024-08-31' ); 
INSERT INTO O_COUPON (CPN_ID, CPN_INFO, CPN_DISCOUNT_TYPE, CPN_DISCOUNT_RATE, CPN_MAX_AMOUNT, CPN_CON_TYPE, CPN_CON_VALUE, CPN_APPLY, CPN_STARTDATE, CPN_ENDDATE)
VALUES (3, '네일 카테고리 품목 5,000원 할인', 'F', 100, 5000, 'CATEGORY', 1, 'P', '2024-08-15', '2024-08-29' ); 
INSERT INTO O_COUPON (CPN_ID, CPN_INFO, CPN_DISCOUNT_TYPE, CPN_DISCOUNT_RATE, CPN_MAX_AMOUNT, CPN_CON_TYPE, CPN_CON_VALUE, CPN_APPLY, CPN_STARTDATE, CPN_ENDDATE)
VALUES (4, '3만원 이상 구매 시 배송비 무료', 'P', 100, 6000, 'AMOUNT', 30000, 'D', '2024-08-01', '2024-08-15' ); 

INSERT INTO O_ISSUEDCOUPON (ICPN_ID, USER_ID, CPN_ID, ICPN_ISSUEDATE, ICPN_ISUSED)
VALUES (1, 1005, 1, SYSDATE, 'N');
INSERT INTO O_ISSUEDCOUPON (ICPN_ID, USER_ID, CPN_ID, ICPN_ISSUEDATE, ICPN_ISUSED)
VALUES (2, 1005, 1, SYSDATE, 'N');
INSERT INTO O_ISSUEDCOUPON (ICPN_ID, USER_ID, CPN_ID, ICPN_ISSUEDATE, ICPN_ISUSED)
VALUES (3, 1005, 1, SYSDATE, 'N');
INSERT INTO O_ISSUEDCOUPON (ICPN_ID, USER_ID, CPN_ID, ICPN_ISSUEDATE, ICPN_ISUSED)
VALUES (4, 1005, 1, SYSDATE, 'Y');

COMMIT;
